1.225740648806095123e-02,7.150153629481792450e-03,0.000000000000000000e+00,6.128703244030475616e-03,4.494382068514823914e-02,1.021450478583574295e-02,8.672114610671997070e-01,1.123595535755157471e-01,0.000000000000000000e+00,1.327885687351226807e-02,3.064351622015237808e-03,1.327885687351226807e-02,3.585291206836700439e-01,0.000000000000000000e+00,8.171604014933109283e-03,0.000000000000000000e+00,0.000000000000000000e+00,0.000000000000000000e+00,9.193054400384426117e-03,0.000000000000000000e+00,0.000000000000000000e+00,2.870275974273681641e-01,1.052094027400016785e-01,4.974463880062103271e-01,1.848825365304946899e-01,2.104188054800033569e-01,4.596527293324470520e-02,0.000000000000000000e+00,7.354443520307540894e-02,7.773238420486450195e-01,2.757916413247585297e-02,8.171603828668594360e-02,1.368743628263473511e-01,6.894791126251220703e-01,7.640450000762939453e-01,3.319714069366455078e-01,6.945863366127014160e-02,0.000000000000000000e+00,5.924413204193115234e-01,5.107252392917871475e-03,6.945863366127014160e-02,0.000000000000000000e+00,7.150153629481792450e-03,0.000000000000000000e+00,3.268641531467437744e-01,3.023493587970733643e-01,1.287027597427368164e-01,0.000000000000000000e+00,5.771195292472839355e-01,6.874361634254455566e-01,2.042901003733277321e-03,3.881511837244033813e-02,0.000000000000000000e+00,7.456588745117187500e-02,3.370786830782890320e-02,8.232890963554382324e-01,4.085802007466554642e-03,8.202247619628906250e-01,6.128703244030475616e-03,0.000000000000000000e+00,0.000000000000000000e+00,7.099081277847290039e-01,0.000000000000000000e+00,7.150153629481792450e-03,1.021450501866638660e-03,9.387130141258239746e-01,8.273749053478240967e-02,9.591420292854309082e-01,0.000000000000000000e+00,7.150153629481792450e-03,1.756894886493682861e-01,8.488253951072692871e-01,9.193054400384426117e-03,3.268641531467437744e-01,0.000000000000000000e+00,0.000000000000000000e+00,0.000000000000000000e+00,3.503575325012207031e-01,9.867211580276489258e-01,7.150153629481792450e-03,0.000000000000000000e+00,6.128703244030475616e-03,6.332992762327194214e-02,1.276813149452209473e-01,1.583248227834701538e-01,6.128703057765960693e-02,2.451481297612190247e-02,2.461695671081542969e-01,0.000000000000000000e+00,0.000000000000000000e+00,6.128703057765960693e-02,2.819203436374664307e-01,1.327885687351226807e-02,9.795710444450378418e-01,5.924413204193115234e-01,6.945863366127014160e-02,4.085802007466554642e-03,0.000000000000000000e+00,5.587334036827087402e-01,0.000000000000000000e+00,0.000000000000000000e+00,1.021450501866638660e-03,8.866190314292907715e-01,8.600613474845886230e-01,4.218590557575225830e-01,0.000000000000000000e+00,0.000000000000000000e+00,2.328907102346420288e-01,0.000000000000000000e+00,0.000000000000000000e+00,0.000000000000000000e+00,4.657814204692840576e-01,1.021450501866638660e-03,5.107252392917871475e-03,1.031664982438087463e-01,5.566905140876770020e-01,9.427987933158874512e-01,4.535240232944488525e-01,5.965270996093750000e-01,0.000000000000000000e+00,4.749744832515716553e-01,2.696629464626312256e-01,0.000000000000000000e+00,1.052094027400016785e-01,7.048008590936660767e-02,6.026557832956314087e-02,5.852911472320556641e-01,0.000000000000000000e+00
5.651408433914184570e-01,9.991196990013122559e-01,0.000000000000000000e+00,8.116196990013122559e-01,3.080985881388187408e-02,8.688380122184753418e-01,1.232394389808177948e-02,7.042253389954566956e-03,0.000000000000000000e+00,0.000000000000000000e+00,1.144366152584552765e-02,9.727112650871276855e-01,3.609154820442199707e-01,0.000000000000000000e+00,0.000000000000000000e+00,1.910211294889450073e-01,9.339788556098937988e-01,8.802816737443208694e-04,8.978872746229171753e-02,8.802816737443208694e-04,0.000000000000000000e+00,9.727112650871276855e-01,2.640845021232962608e-03,4.929577559232711792e-02,3.521126694977283478e-03,6.426056474447250366e-02,2.904929593205451965e-02,9.524647593498229980e-01,1.848591491580009460e-02,2.992957644164562225e-02,4.401408135890960693e-03,9.410210847854614258e-01,9.753521084785461426e-01,6.161971949040889740e-03,1.505281627178192139e-01,1.514084488153457642e-01,0.000000000000000000e+00,4.401408135890960693e-03,0.000000000000000000e+00,4.841549322009086609e-02,8.802816737443208694e-04,0.000000000000000000e+00,8.802816737443208694e-04,0.000000000000000000e+00,1.672535203397274017e-02,0.000000000000000000e+00,3.125000000000000000e-01,0.000000000000000000e+00,5.994718074798583984e-01,1.214788705110549927e-01,6.223591566085815430e-01,1.760563254356384277e-02,0.000000000000000000e+00,9.683098644018173218e-03,2.350352108478546143e-01,3.204225301742553711e-01,8.626760542392730713e-02,1.056338008493185043e-02,8.802816737443208694e-04,9.014084339141845703e-01,9.727112650871276855e-01,2.244718223810195923e-01,0.000000000000000000e+00,1.760563347488641739e-03,1.760563347488641739e-03,5.193661898374557495e-02,0.000000000000000000e+00,2.816901355981826782e-02,0.000000000000000000e+00,1.346831023693084717e-01,7.922534830868244171e-03,1.760563347488641739e-03,8.802816737443208694e-04,1.760563347488641739e-03,0.000000000000000000e+00,1.760563347488641739e-03,0.000000000000000000e+00,8.679577112197875977e-01,2.024647891521453857e-01,3.433098644018173218e-02,9.859154820442199707e-01,9.867957830429077148e-01,1.000000000000000000e+00,7.130281627178192139e-02,3.521126694977283478e-03,3.855633735656738281e-01,2.640845021232962608e-03,0.000000000000000000e+00,0.000000000000000000e+00,1.760563347488641739e-03,3.353873193264007568e-01,1.760563347488641739e-03,9.982393980026245117e-01,5.281690042465925217e-03,0.000000000000000000e+00,0.000000000000000000e+00,0.000000000000000000e+00,0.000000000000000000e+00,3.961267694830894470e-02,0.000000000000000000e+00,9.674295783042907715e-01,0.000000000000000000e+00,6.161971949040889740e-03,5.281690042465925217e-03,6.690140813589096069e-02,0.000000000000000000e+00,0.000000000000000000e+00,9.110915064811706543e-01,0.000000000000000000e+00,0.000000000000000000e+00,0.000000000000000000e+00,3.723591566085815430e-01,4.991196990013122559e-01,4.577464610338211060e-02,8.230633735656738281e-01,4.401408135890960693e-03,8.802816737443208694e-04,0.000000000000000000e+00,7.042253389954566956e-03,0.000000000000000000e+00,5.651408433914184570e-01,1.496478822082281113e-02,0.000000000000000000e+00,9.683098644018173218e-03,0.000000000000000000e+00,2.350352108478546143e-01,2.024647779762744904e-02,5.765845179557800293e-01
7.142857313156127930e-01,7.818003892898559570e-01,0.000000000000000000e+00,2.250489220023155212e-02,5.097847580909729004e-01,3.287671208381652832e-01,6.262230873107910156e-02,9.315068721771240234e-01,0.000000000000000000e+00,9.784735739231109619e-04,1.007827818393707275e-01,1.565557718276977539e-02,6.908023357391357422e-01,0.000000000000000000e+00,2.309197634458541870e-01,1.272015646100044250e-02,5.870841443538665771e-03,2.935420721769332886e-03,1.497064530849456787e-01,9.784735739231109619e-04,5.870841443538665771e-03,5.772994086146354675e-02,2.446183934807777405e-02,7.632093876600265503e-02,2.700586915016174316e-01,9.099803864955902100e-02,4.696673154830932617e-02,7.622309327125549316e-01,4.403131082653999329e-02,7.925635576248168945e-02,1.839530318975448608e-01,7.808219194412231445e-01,3.855185806751251221e-01,5.958904027938842773e-01,5.518590807914733887e-01,5.968688800930976868e-02,2.935420721769332886e-03,0.000000000000000000e+00,6.849315017461776733e-03,3.923678994178771973e-01,1.174168288707733154e-02,0.000000000000000000e+00,1.369863003492355347e-02,0.000000000000000000e+00,1.663405075669288635e-02,1.272015646100044250e-02,2.720156610012054443e-01,0.000000000000000000e+00,2.827788591384887695e-01,8.845400810241699219e-01,1.409001946449279785e-01,1.761252433061599731e-02,0.000000000000000000e+00,3.542074263095855713e-01,5.870841443538665771e-03,9.011741876602172852e-01,8.091976642608642578e-01,3.982387483119964600e-01,2.544031292200088501e-02,0.000000000000000000e+00,1.956947147846221924e-03,5.499021410942077637e-01,0.000000000000000000e+00,1.956947147846221924e-03,0.000000000000000000e+00,2.348336577415466309e-02,2.544031292200088501e-02,8.414872735738754272e-02,0.000000000000000000e+00,1.976516544818878174e-01,4.099804162979125977e-01,2.152641862630844116e-02,2.798434495925903320e-01,7.974559664726257324e-01,0.000000000000000000e+00,1.487279832363128662e-01,0.000000000000000000e+00,7.632093876600265503e-02,4.755381643772125244e-01,8.052837252616882324e-01,3.884540200233459473e-01,4.853228926658630371e-01,9.872798323631286621e-01,1.565557718276977539e-02,2.935420721769332886e-03,1.291585117578506470e-01,9.784735739231109619e-04,5.185909941792488098e-02,0.000000000000000000e+00,5.185909941792488098e-02,7.045009732246398926e-02,1.272015646100044250e-02,1.007827818393707275e-01,1.095890402793884277e-01,6.849315017461776733e-03,0.000000000000000000e+00,3.620352223515510559e-02,0.000000000000000000e+00,1.174168288707733154e-02,0.000000000000000000e+00,3.962818086147308350e-01,5.577299371361732483e-02,1.937377750873565674e-01,8.502935171127319336e-01,3.522504866123199463e-02,0.000000000000000000e+00,0.000000000000000000e+00,8.590998053550720215e-01,0.000000000000000000e+00,0.000000000000000000e+00,9.784735739231109619e-04,3.170254230499267578e-01,8.277886509895324707e-01,9.784735739231109619e-04,9.882582724094390869e-02,3.326810151338577271e-02,5.391389131546020508e-01,9.784735739231109619e-03,3.845401108264923096e-01,0.000000000000000000e+00,1.007827818393707275e-01,4.892367869615554810e-02,0.000000000000000000e+00,3.033268153667449951e-01,0.000000000000000000e+00,8.434442281723022461e-01,5.528375506401062012e-01,5.968688800930976868e-02
6.195995807647705078e-01,5.374077707529067993e-02,0.000000000000000000e+00,5.489989519119262695e-01,1.643835604190826416e-01,3.793466836214065552e-02,1.053740736097097397e-03,9.536353945732116699e-01,0.000000000000000000e+00,0.000000000000000000e+00,5.532138943672180176e-01,7.376185152679681778e-03,7.987354993820190430e-01,0.000000000000000000e+00,4.214962944388389587e-03,5.289778709411621094e-01,3.161222208291292191e-03,4.604847133159637451e-01,3.161222208291292191e-03,3.161222208291292191e-03,0.000000000000000000e+00,1.159114763140678406e-02,8.429925888776779175e-03,3.382507860660552979e-01,1.412012577056884766e-01,2.212855592370033264e-02,4.604847133159637451e-01,4.636459052562713623e-02,1.369863003492355347e-02,1.022128537297248840e-01,2.107481472194194794e-03,7.702844738960266113e-01,5.679662823677062988e-01,8.366701602935791016e-01,9.452054500579833984e-01,2.107481472194194794e-02,1.791359297931194305e-02,3.519493937492370605e-01,0.000000000000000000e+00,1.011591106653213501e-01,3.161222208291292191e-03,0.000000000000000000e+00,5.279241204261779785e-01,0.000000000000000000e+00,5.268703773617744446e-02,3.076922893524169922e-01,3.182297050952911377e-01,0.000000000000000000e+00,9.483666718006134033e-02,8.408851027488708496e-01,9.409904479980468750e-01,7.924130558967590332e-01,0.000000000000000000e+00,2.528977766633033752e-02,2.107481472194194794e-03,2.950474061071872711e-02,1.591148525476455688e-01,6.322444230318069458e-02,4.320336878299713135e-02,1.053740736097097397e-03,3.677555024623870850e-01,9.062170237302780151e-02,0.000000000000000000e+00,8.798735141754150391e-01,1.053740736097097397e-03,2.107481472194194794e-03,0.000000000000000000e+00,2.581664919853210449e-01,0.000000000000000000e+00,6.491042971611022949e-01,1.580611057579517365e-02,2.339304387569427490e-01,4.004214704036712646e-02,1.580611057579517365e-02,0.000000000000000000e+00,2.107481472194194794e-03,0.000000000000000000e+00,8.018966913223266602e-01,2.054794430732727051e-01,9.947312474250793457e-01,4.783982932567596436e-01,9.789251685142517090e-01,6.765015721321105957e-01,1.053740736097097397e-03,2.107481472194194794e-03,2.444678544998168945e-01,4.878819584846496582e-01,8.240252733230590820e-01,0.000000000000000000e+00,0.000000000000000000e+00,1.264488883316516876e-02,4.963118731975555420e-01,2.550052702426910400e-01,8.429925888776779175e-02,2.107481472194194794e-03,0.000000000000000000e+00,2.107481472194194794e-03,0.000000000000000000e+00,1.032665893435478210e-01,0.000000000000000000e+00,2.107481472194194794e-03,4.162275791168212891e-01,2.181243300437927246e-01,1.390937715768814087e-01,1.580611057579517365e-02,0.000000000000000000e+00,0.000000000000000000e+00,2.613277137279510498e-01,0.000000000000000000e+00,0.000000000000000000e+00,2.107481472194194794e-03,5.447839498519897461e-01,1.317175924777984619e-01,7.376185152679681778e-03,1.896733418107032776e-02,4.636459052562713623e-02,9.589041024446487427e-02,1.359325498342514038e-01,1.148577407002449036e-01,0.000000000000000000e+00,6.954689025878906250e-01,1.854583621025085449e-01,0.000000000000000000e+00,0.000000000000000000e+00,1.053740736097097397e-03,5.163329467177391052e-02,5.268703680485486984e-03,0.000000000000000000e+00
6.735751777887344360e-02,2.248704731464385986e-01,0.000000000000000000e+00,8.528497815132141113e-01,0.000000000000000000e+00,1.616580337285995483e-01,8.901554942131042480e-01,2.165803164243698120e-01,0.000000000000000000e+00,2.072538947686553001e-03,1.554404199123382568e-02,4.870466515421867371e-02,0.000000000000000000e+00,0.000000000000000000e+00,2.072538947686553001e-03,1.036269473843276501e-03,6.393782496452331543e-01,9.948186576366424561e-02,3.326424956321716309e-01,2.424870580434799194e-01,0.000000000000000000e+00,9.906736016273498535e-01,8.341969251632690430e-01,0.000000000000000000e+00,4.787564873695373535e-01,8.746114373207092285e-01,2.466321289539337158e-01,1.347150281071662903e-02,0.000000000000000000e+00,9.108808636665344238e-01,9.461140036582946777e-01,4.518134891986846924e-01,3.357512950897216797e-01,3.108808305114507675e-03,5.906736105680465698e-02,8.590673804283142090e-01,1.036269473843276501e-03,2.072538947686553001e-03,1.139896456152200699e-02,7.658031582832336426e-01,9.658031463623046875e-01,0.000000000000000000e+00,0.000000000000000000e+00,0.000000000000000000e+00,1.803108900785446167e-01,2.839378416538238525e-01,9.979274868965148926e-01,0.000000000000000000e+00,4.145077895373106003e-03,0.000000000000000000e+00,1.139896437525749207e-01,7.150259613990783691e-02,0.000000000000000000e+00,6.528497934341430664e-01,4.145077895373106003e-03,9.326425194740295410e-02,3.108808398246765137e-02,7.813471555709838867e-01,9.689119458198547363e-01,2.466321289539337158e-01,4.870466515421867371e-02,7.678756713867187500e-01,0.000000000000000000e+00,0.000000000000000000e+00,1.098445653915405273e-01,6.217616610229015350e-03,0.000000000000000000e+00,1.336787641048431396e-01,0.000000000000000000e+00,5.336787700653076172e-01,3.108808398246765137e-02,2.072538947686553001e-03,1.036269497126340866e-02,1.160621792078018188e-01,0.000000000000000000e+00,1.036269473843276501e-03,0.000000000000000000e+00,5.005181431770324707e-01,7.253886200487613678e-03,4.663212597370147705e-02,2.797927521169185638e-02,4.974093288183212280e-02,9.150259494781494141e-01,0.000000000000000000e+00,4.694300591945648193e-01,4.134715199470520020e-01,3.108808305114507675e-03,1.036269473843276501e-03,0.000000000000000000e+00,0.000000000000000000e+00,2.072538947686553001e-03,4.839378297328948975e-01,4.227979481220245361e-01,1.450777240097522736e-02,2.020725458860397339e-01,0.000000000000000000e+00,0.000000000000000000e+00,0.000000000000000000e+00,1.347150281071662903e-02,0.000000000000000000e+00,1.005181372165679932e-01,0.000000000000000000e+00,6.217616610229015350e-03,2.072538947686553001e-03,7.253886200487613678e-03,0.000000000000000000e+00,0.000000000000000000e+00,0.000000000000000000e+00,0.000000000000000000e+00,0.000000000000000000e+00,8.041450977325439453e-01,0.000000000000000000e+00,1.326424926519393921e-01,9.191710352897644043e-01,5.181347485631704330e-03,0.000000000000000000e+00,5.388601124286651611e-02,0.000000000000000000e+00,1.233160644769668579e-01,0.000000000000000000e+00,1.025906801223754883e-01,1.036269473843276501e-03,0.000000000000000000e+00,3.108808398246765137e-01,1.927461177110671997e-01,8.704663813114166260e-02,8.404145240783691406e-01,0.000000000000000000e+00
1.154734403826296329e-03,1.732101663947105408e-02,0.000000000000000000e+00,7.632794380187988281e-01,1.466512680053710938e-01,2.886836044490337372e-02,4.618937615305185318e-03,2.609699666500091553e-01,0.000000000000000000e+00,0.000000000000000000e+00,5.773671902716159821e-03,1.651270240545272827e-01,8.083140477538108826e-03,1.039260998368263245e-02,4.618937615305185318e-03,5.184757709503173828e-01,2.990761995315551758e-01,2.655889093875885010e-02,1.085450351238250732e-01,0.000000000000000000e+00,0.000000000000000000e+00,1.039260998368263245e-02,7.274826616048812866e-02,4.260970056056976318e-01,3.002309426665306091e-02,2.078521996736526489e-02,9.237875230610370636e-03,1.154734403826296329e-03,6.928406655788421631e-03,2.078521996736526489e-02,1.154734403826296329e-03,8.083140477538108826e-03,5.692840814590454102e-01,8.279445767402648926e-01,6.905311942100524902e-01,1.616628095507621765e-02,1.004618927836418152e-01,0.000000000000000000e+00,2.309468807652592659e-03,5.542725324630737305e-02,1.085450351238250732e-01,0.000000000000000000e+00,1.200923770666122437e-01,0.000000000000000000e+00,8.083140477538108826e-03,1.905311793088912964e-01,1.836027652025222778e-01,0.000000000000000000e+00,3.903002142906188965e-01,1.535796821117401123e-01,6.859122514724731445e-01,7.009238004684448242e-01,0.000000000000000000e+00,5.150115489959716797e-01,2.309468807652592659e-03,8.198614418506622314e-02,1.501154713332653046e-02,7.609699964523315430e-01,3.787528872489929199e-01,0.000000000000000000e+00,5.046189427375793457e-01,1.027713641524314880e-01,0.000000000000000000e+00,7.863741517066955566e-01,1.385681331157684326e-02,2.921478152275085449e-01,3.464203327894210815e-02,9.237875342369079590e-01,0.000000000000000000e+00,7.471131682395935059e-01,1.651270240545272827e-01,1.709006875753402710e-01,9.930715709924697876e-02,1.154734403826296329e-03,0.000000000000000000e+00,3.464203327894210815e-03,0.000000000000000000e+00,9.064664840698242188e-01,4.953810572624206543e-01,6.593533158302307129e-01,3.464203327894210815e-03,8.163972496986389160e-01,2.655889093875885010e-02,1.270207855850458145e-02,5.773671902716159821e-03,6.466512680053710938e-01,8.267898559570312500e-01,4.411085546016693115e-01,0.000000000000000000e+00,1.154734403826296329e-03,0.000000000000000000e+00,5.750577449798583984e-01,6.108545064926147461e-01,9.203233122825622559e-01,4.457274675369262695e-01,3.695150092244148254e-02,5.196304991841316223e-02,0.000000000000000000e+00,9.838337302207946777e-01,0.000000000000000000e+00,5.773671902716159821e-03,2.540415711700916290e-02,7.043880224227905273e-02,1.154734380543231964e-02,2.598152458667755127e-01,0.000000000000000000e+00,0.000000000000000000e+00,4.734411090612411499e-02,0.000000000000000000e+00,0.000000000000000000e+00,1.385681331157684326e-01,3.510392606258392334e-01,3.464203327894210815e-02,6.709007024765014648e-01,2.782909870147705078e-01,8.279445767402648926e-01,2.424942329525947571e-02,5.889145284891128540e-02,9.237875230610370636e-03,0.000000000000000000e+00,7.193995118141174316e-01,2.875288724899291992e-01,0.000000000000000000e+00,1.270207855850458145e-02,3.152424991130828857e-01,2.309468807652592659e-03,1.154734403826296329e-03,1.154734403826296329e-03
3.957528993487358093e-02,2.065636962652206421e-01,0.000000000000000000e+00,5.637065768241882324e-01,7.722007576376199722e-03,6.399613618850708008e-01,4.227799177169799805e-01,1.254826225340366364e-02,0.000000000000000000e+00,0.000000000000000000e+00,7.722007576376199722e-03,9.555984288454055786e-02,4.826254677027463913e-03,2.731660306453704834e-01,7.007721662521362305e-01,9.652509470470249653e-04,1.795366704463958740e-01,0.000000000000000000e+00,9.536679387092590332e-01,2.895752899348735809e-03,0.000000000000000000e+00,5.974903106689453125e-01,8.687258698046207428e-03,3.667953610420227051e-02,6.505791544914245605e-01,7.586872577667236328e-01,0.000000000000000000e+00,4.826254677027463913e-03,0.000000000000000000e+00,7.818532735109329224e-02,7.142856717109680176e-02,6.756756454706192017e-03,9.942084550857543945e-01,6.660231202840805054e-02,1.196911185979843140e-01,1.930501894094049931e-03,9.652509470470249653e-04,0.000000000000000000e+00,3.889961242675781250e-01,6.457529067993164062e-01,4.951737225055694580e-01,0.000000000000000000e+00,9.652509470470249653e-04,0.000000000000000000e+00,1.640926674008369446e-02,2.596524953842163086e-01,2.992277964949607849e-02,0.000000000000000000e+00,1.544401515275239944e-02,1.969111859798431396e-01,1.351351290941238403e-02,0.000000000000000000e+00,0.000000000000000000e+00,8.774130940437316895e-01,9.652509470470249653e-04,9.942084550857543945e-01,3.638996183872222900e-01,8.561775684356689453e-01,2.895752787590026855e-01,0.000000000000000000e+00,7.625482231378555298e-02,9.980694651603698730e-01,0.000000000000000000e+00,0.000000000000000000e+00,1.930501894094049931e-03,5.048262476921081543e-01,3.764478862285614014e-02,9.922779798507690430e-01,0.000000000000000000e+00,3.416988253593444824e-01,1.959459483623504639e-01,9.652509470470249653e-04,4.189189076423645020e-01,1.283783763647079468e-01,0.000000000000000000e+00,3.243243098258972168e-01,0.000000000000000000e+00,9.845559597015380859e-01,7.528957128524780273e-01,1.467181444168090820e-01,0.000000000000000000e+00,7.818532735109329224e-02,2.306949794292449951e-01,8.687258698046207428e-03,1.447876449674367905e-02,3.861003788188099861e-03,1.090733557939529419e-01,1.930501894094049931e-03,0.000000000000000000e+00,9.652509470470249653e-04,0.000000000000000000e+00,4.826254677027463913e-03,6.805019378662109375e-01,9.478764533996582031e-01,2.905405461788177490e-01,0.000000000000000000e+00,0.000000000000000000e+00,0.000000000000000000e+00,4.826254844665527344e-01,0.000000000000000000e+00,2.220077253878116608e-02,0.000000000000000000e+00,6.843629479408264160e-01,4.140926599502563477e-01,8.079150319099426270e-01,0.000000000000000000e+00,0.000000000000000000e+00,9.652509354054927826e-03,0.000000000000000000e+00,0.000000000000000000e+00,0.000000000000000000e+00,9.652509470470249653e-04,2.895752899348735809e-03,5.347490310668945312e-01,8.079150319099426270e-01,2.693050205707550049e-01,2.895752899348735809e-03,1.158301159739494324e-02,3.861003741621971130e-02,0.000000000000000000e+00,1.023166030645370483e-01,1.930501894094049931e-03,0.000000000000000000e+00,0.000000000000000000e+00,1.264478713274002075e-01,1.853281855583190918e-01,2.635135054588317871e-01,0.000000000000000000e+00
8.514285683631896973e-01,8.190476149320602417e-02,0.000000000000000000e+00,1.999999955296516418e-02,0.000000000000000000e+00,1.133333295583724976e-01,5.885714292526245117e-01,4.609523713588714600e-01,0.000000000000000000e+00,0.000000000000000000e+00,9.190475940704345703e-01,1.085714250802993774e-01,4.761904850602149963e-02,0.000000000000000000e+00,0.000000000000000000e+00,0.000000000000000000e+00,1.238095201551914215e-02,2.961904704570770264e-01,9.523809421807527542e-04,1.333333365619182587e-02,0.000000000000000000e+00,6.447619199752807617e-01,3.504761755466461182e-01,1.904761884361505508e-03,6.771428585052490234e-01,2.485714256763458252e-01,5.342857241630554199e-01,5.428571254014968872e-02,7.219047546386718750e-01,2.371428608894348145e-01,1.238095238804817200e-01,4.495238065719604492e-01,3.999999910593032837e-02,2.476190403103828430e-02,6.399999856948852539e-01,7.723809480667114258e-01,0.000000000000000000e+00,0.000000000000000000e+00,0.000000000000000000e+00,2.952380850911140442e-02,8.571428805589675903e-02,0.000000000000000000e+00,3.076190352439880371e-01,0.000000000000000000e+00,8.199999928474426270e-01,1.885714232921600342e-01,9.971428513526916504e-01,0.000000000000000000e+00,8.390476107597351074e-01,8.019047379493713379e-01,1.619047671556472778e-02,9.695237874984741211e-01,0.000000000000000000e+00,3.809523768723011017e-03,2.095238119363784790e-02,8.476190268993377686e-02,1.457142829895019531e-01,2.466666698455810547e-01,5.876190662384033203e-01,2.952380850911140442e-02,3.809523582458496094e-02,5.714285653084516525e-03,0.000000000000000000e+00,0.000000000000000000e+00,2.638095319271087646e-01,4.571428522467613220e-02,0.000000000000000000e+00,3.809523768723011017e-03,0.000000000000000000e+00,9.523809421807527542e-04,3.809523768723011017e-03,8.933333158493041992e-01,0.000000000000000000e+00,2.857142873108386993e-02,0.000000000000000000e+00,9.523809421807527542e-04,0.000000000000000000e+00,9.523809421807527542e-04,2.666666731238365173e-02,1.057142838835716248e-01,6.466666460037231445e-01,5.999999865889549255e-02,8.504762053489685059e-01,7.047618925571441650e-02,6.380952149629592896e-02,9.552381038665771484e-01,1.428571436554193497e-02,1.085714250802993774e-01,0.000000000000000000e+00,0.000000000000000000e+00,1.019047573208808899e-01,6.247618794441223145e-01,1.695238053798675537e-01,6.666666828095912933e-03,6.666666828095912933e-03,0.000000000000000000e+00,6.399999856948852539e-01,0.000000000000000000e+00,7.619047537446022034e-03,0.000000000000000000e+00,3.047619014978408813e-02,6.666666828095912933e-03,9.523809421807527542e-04,5.714285746216773987e-02,4.838095307350158691e-01,0.000000000000000000e+00,0.000000000000000000e+00,7.580952048301696777e-01,0.000000000000000000e+00,0.000000000000000000e+00,3.809523582458496094e-02,5.333333015441894531e-01,5.999999865889549255e-02,4.285714402794837952e-02,9.523809421807527542e-04,3.809523768723011017e-03,8.885714411735534668e-01,4.666666686534881592e-02,9.695237874984741211e-01,0.000000000000000000e+00,2.619047462940216064e-01,2.533333301544189453e-01,0.000000000000000000e+00,4.761904478073120117e-03,1.342857182025909424e-01,2.276190519332885742e-01,9.619047492742538452e-02,1.466666609048843384e-01
2.180376648902893066e-01,7.086223959922790527e-01,0.000000000000000000e+00,6.243805959820747375e-02,1.982160611078143120e-03,1.883052662014961243e-02,5.153617635369300842e-02,4.826561212539672852e-01,0.000000000000000000e+00,0.000000000000000000e+00,1.982160611078143120e-03,8.622398972511291504e-02,5.133795738220214844e-01,0.000000000000000000e+00,0.000000000000000000e+00,1.982160657644271851e-02,1.209117993712425232e-01,9.910803288221359253e-03,3.072348982095718384e-02,3.964321222156286240e-03,0.000000000000000000e+00,1.129831522703170776e-01,6.451932787895202637e-01,8.017839789390563965e-01,1.625371724367141724e-01,3.964321222156286240e-03,2.477700822055339813e-02,3.766105324029922485e-02,0.000000000000000000e+00,1.555996090173721313e-01,1.982160657644271851e-02,1.665014922618865967e-01,2.556987106800079346e-01,8.929633498191833496e-01,6.798810958862304688e-01,2.279484719038009644e-01,2.973240800201892853e-03,2.101090252399444580e-01,9.910803055390715599e-04,1.417244821786880493e-01,7.928642444312572479e-03,0.000000000000000000e+00,6.243805959820747375e-02,0.000000000000000000e+00,9.910803055390715599e-04,2.933597564697265625e-01,1.337958425283432007e-01,0.000000000000000000e+00,9.811694920063018799e-02,8.354806900024414062e-01,8.642220497131347656e-01,1.446977257728576660e-01,0.000000000000000000e+00,8.354806900024414062e-01,3.875123858451843262e-01,4.846382737159729004e-01,6.937562022358179092e-03,2.844400405883789062e-01,5.550049617886543274e-02,1.665014922618865967e-01,5.847373977303504944e-02,1.110009923577308655e-01,0.000000000000000000e+00,3.022795021533966064e-01,2.428146749734878540e-01,9.910803288221359253e-03,0.000000000000000000e+00,9.098117351531982422e-01,0.000000000000000000e+00,5.054509639739990234e-02,3.666996955871582031e-02,1.982160611078143120e-03,1.129831522703170776e-01,1.704658120870590210e-01,0.000000000000000000e+00,1.982160657644271851e-02,0.000000000000000000e+00,8.107036948204040527e-01,2.685827612876892090e-01,6.442021727561950684e-01,3.894945681095123291e-01,4.628345072269439697e-01,9.811695218086242676e-01,1.635282486677169800e-01,3.964321222156286240e-03,3.458870351314544678e-01,1.090188324451446533e-02,2.279484644532203674e-02,0.000000000000000000e+00,0.000000000000000000e+00,5.847373977303504944e-02,3.914767205715179443e-01,2.943508625030517578e-01,8.889990448951721191e-01,1.189296320080757141e-02,1.090188324451446533e-02,1.377601623535156250e-01,0.000000000000000000e+00,6.828543543815612793e-01,0.000000000000000000e+00,9.910803288221359253e-03,8.919722400605678558e-03,6.422200202941894531e-01,5.123885273933410645e-01,6.114965677261352539e-01,0.000000000000000000e+00,0.000000000000000000e+00,4.440039694309234619e-01,0.000000000000000000e+00,0.000000000000000000e+00,9.910803288221359253e-03,3.042616546154022217e-01,6.818632483482360840e-01,4.519326090812683105e-01,3.528245985507965088e-01,4.707631468772888184e-01,1.674925684928894043e-01,9.910803055390715599e-04,3.062438070774078369e-01,0.000000000000000000e+00,5.748265981674194336e-01,4.955401644110679626e-03,0.000000000000000000e+00,1.486620493233203888e-02,8.424182236194610596e-02,1.982160611078143120e-03,1.298315227031707764e-01,7.036670297384262085e-02
2.226720750331878662e-01,5.060729011893272400e-02,0.000000000000000000e+00,3.451417088508605957e-01,0.000000000000000000e+00,1.417004130780696869e-02,6.639676094055175781e-01,8.178138136863708496e-01,0.000000000000000000e+00,1.012145774438977242e-03,3.046558797359466553e-01,4.959514364600181580e-02,6.072874646633863449e-03,0.000000000000000000e+00,3.036437323316931725e-03,3.744939342141151428e-02,7.186234742403030396e-02,1.821862347424030304e-02,1.012145774438977242e-03,6.072874646633863449e-03,0.000000000000000000e+00,6.406883001327514648e-01,9.635627865791320801e-01,5.060728639364242554e-03,8.056680560111999512e-01,3.360323905944824219e-01,2.550607323646545410e-01,4.959514364600181580e-02,5.971660092473030090e-02,6.862348318099975586e-01,6.892712712287902832e-01,5.050607323646545410e-01,9.109311737120151520e-03,3.451417088508605957e-01,3.117409050464630127e-01,9.524291753768920898e-01,2.125506103038787842e-02,5.769230797886848450e-02,3.036437323316931725e-03,1.113360375165939331e-02,7.479757070541381836e-01,0.000000000000000000e+00,2.327935248613357544e-01,0.000000000000000000e+00,2.105263173580169678e-01,5.566801875829696655e-02,9.939271211624145508e-01,0.000000000000000000e+00,7.388664036989212036e-02,3.036437369883060455e-02,3.157894909381866455e-01,8.380566835403442383e-01,0.000000000000000000e+00,5.637651681900024414e-01,1.214574929326772690e-02,5.060728639364242554e-03,3.036437323316931725e-03,5.951417088508605957e-01,9.170040488243103027e-01,2.884615361690521240e-01,1.174089089035987854e-01,3.542510047554969788e-02,0.000000000000000000e+00,1.589068919420242310e-01,4.008097350597381592e-01,1.619433239102363586e-02,1.012145774438977242e-03,1.457489877939224243e-01,0.000000000000000000e+00,3.036437369883060455e-02,1.012145774438977242e-03,5.455465912818908691e-01,8.097166195511817932e-03,9.008097648620605469e-02,0.000000000000000000e+00,0.000000000000000000e+00,0.000000000000000000e+00,6.174089387059211731e-02,1.518218684941530228e-02,3.714574873447418213e-01,5.192307829856872559e-01,2.216599285602569580e-01,7.925101518630981445e-01,0.000000000000000000e+00,4.615384638309478760e-01,4.261133670806884766e-01,8.603239059448242188e-02,3.178137838840484619e-01,0.000000000000000000e+00,0.000000000000000000e+00,1.376518309116363525e-01,9.817814230918884277e-01,7.085020095109939575e-02,1.538461595773696899e-01,7.388664036989212036e-02,0.000000000000000000e+00,6.072874646633863449e-03,0.000000000000000000e+00,1.194332018494606018e-01,0.000000000000000000e+00,3.542510047554969788e-02,0.000000000000000000e+00,4.757085070013999939e-02,1.730769276618957520e-01,1.518218684941530228e-02,0.000000000000000000e+00,0.000000000000000000e+00,3.036437323316931725e-03,0.000000000000000000e+00,0.000000000000000000e+00,7.459514141082763672e-01,6.072874646633863449e-03,1.052631586790084839e-01,8.309716582298278809e-01,2.024291548877954483e-03,1.012145727872848511e-02,2.753036618232727051e-01,1.012145774438977242e-03,9.170040488243103027e-01,0.000000000000000000e+00,7.530364394187927246e-01,3.036437323316931725e-03,0.000000000000000000e+00,2.307692319154739380e-01,1.720647886395454407e-02,1.012145774438977242e-03,2.449392825365066528e-01,1.012145727872848511e-02
