3.466737866401672363e-01,9.875666618347167969e+00,4.265900611877441406e+00,1.755481004714965820e+00,2.863674640655517578e+00,7.344375610351562500e+00,4.599571228027343750e+00,3.775640487670898438e+00,2.299403667449951172e+00,3.297440111637115479e-01,1.021629810333251953e+01,2.400171905755996704e-01,3.662305116653442383e+00,4.801822826266288757e-02,1.030359649658203125e+01,9.435243904590606689e-02,0.000000000000000000e+00,3.779278993606567383e+00,1.878397822380065918e+00,9.797348022460937500e+00,3.571867346763610840e-01,4.437455654144287109e+00,2.030697911977767944e-01,7.463568210601806641e+00,6.067645549774169922e+00,6.399066001176834106e-02,0.000000000000000000e+00,4.257215499877929688e+00,1.506168127059936523e+00,4.372439384460449219e+00,1.834285408258438110e-01,0.000000000000000000e+00,5.912512779235839844e+00,3.818241059780120850e-01,0.000000000000000000e+00,5.637075379490852356e-02,1.124568367004394531e+01,7.798602581024169922e+00,0.000000000000000000e+00,3.620030641555786133e+00,1.767129004001617432e-01,0.000000000000000000e+00,9.743579864501953125e+00,5.449203014373779297e+00,2.053665399551391602e+00,8.997753143310546875e+00,5.241497993469238281e+00,1.012984156608581543e+00,3.265966475009918213e-01,0.000000000000000000e+00,2.025802850723266602e+00,6.278867274522781372e-02,7.759896516799926758e-01,1.156516647338867188e+01,3.151298165321350098e-01,2.699373483657836914e+00,6.883412837982177734e+00,1.320399343967437744e-01,8.876857757568359375e+00,1.129165077209472656e+01,7.335813522338867188e+00,1.169657111167907715e+00,1.922815442085266113e+00,5.723164081573486328e+00,5.536642670631408691e-01,2.660503983497619629e-02,2.513997077941894531e+00,5.445917129516601562e+00,4.846384525299072266e+00,4.998739063739776611e-01,6.179066658020019531e+00,4.800214767456054688e+00,2.738967657089233398e+00,6.063609600067138672e+00,4.351655244827270508e-01,3.027394413948059082e-01,7.163331985473632812e+00,5.556464195251464844e+00,2.022912740707397461e+00,3.855844497680664062e+00,5.960505008697509766e+00,3.575756549835205078e+00,3.499393701553344727e+00,1.130474758148193359e+01,4.852155208587646484e+00,3.092755317687988281e+00,2.543167829513549805e+00,2.798631489276885986e-01,7.255374908447265625e+00,9.340549111366271973e-01,0.000000000000000000e+00,2.964877605438232422e+00,6.946747899055480957e-01,9.645179748535156250e+00,4.054428100585937500e+00,1.066855907440185547e+00,0.000000000000000000e+00,4.179636001586914062e+00,2.764789581298828125e+00,4.204171657562255859e+00,2.373393774032592773e+00,9.147628784179687500e+00,7.092317104339599609e+00,9.313910484313964844e+00,1.083947467803955078e+01,3.246147036552429199e-01,4.408385753631591797e+00,1.087742805480957031e+00,2.793071605265140533e-02,1.450443714857101440e-01,1.671257376670837402e+00,5.599716186523437500e+00,0.000000000000000000e+00,4.916025996208190918e-01,3.397113561630249023e+00,6.160380840301513672e+00,3.438596963882446289e+00,7.590083122253417969e+00,0.000000000000000000e+00,6.737306594848632812e+00,3.525307655334472656e+00,1.956339597702026367e+00,6.510251998901367188e+00,2.281792640686035156e+00,1.076414585113525391e+01,9.479079246520996094e+00,1.902114629745483398e+00,4.997783660888671875e+00
7.809037208557128906e+00,3.583892107009887695e+00,4.333688735961914062e+00,2.925825417041778564e-01,5.082214355468750000e+00,1.401471495628356934e+00,1.977823972702026367e+00,6.640011787414550781e+00,4.757784843444824219e+00,5.300671577453613281e+00,2.270917654037475586e+00,1.243227839469909668e+00,2.207323551177978516e+00,5.086425781250000000e+00,1.912637114524841309e+00,1.915516972541809082e+00,0.000000000000000000e+00,3.826024770736694336e+00,6.937261104583740234e+00,7.105865955352783203e+00,5.040470600128173828e+00,8.806349039077758789e-01,8.366057872772216797e-01,2.892575025558471680e+00,4.677399694919586182e-01,9.028899192810058594e+00,0.000000000000000000e+00,5.661389350891113281e+00,2.221221446990966797e+00,4.643532752990722656e+00,1.024486899375915527e+00,0.000000000000000000e+00,4.457356452941894531e+00,1.638492226600646973e+00,0.000000000000000000e+00,4.250686645507812500e+00,3.016098022460937500e+00,2.344316482543945312e+00,0.000000000000000000e+00,9.204922318458557129e-01,5.600220680236816406e+00,0.000000000000000000e+00,5.435527563095092773e-01,4.877505779266357422e+00,6.495477676391601562e+00,2.216687679290771484e+00,3.106161117553710938e+00,2.305768966674804688e+00,3.363892793655395508e+00,0.000000000000000000e+00,3.519798517227172852e+00,3.584599494934082031e+00,6.600199699401855469e+00,2.153368473052978516e+00,2.616023086011409760e-02,1.934327483177185059e+00,6.013120174407958984e+00,2.267238199710845947e-01,2.447929620742797852e+00,1.125645279884338379e+00,5.993483543395996094e+00,4.333899974822998047e+00,3.762311935424804688e+00,2.291537284851074219e+00,7.334692478179931641e+00,1.050096869468688965e+00,7.757370471954345703e+00,3.394839048385620117e+00,2.233042716979980469e+00,3.134814977645874023e+00,2.167909638956189156e-03,3.428908884525299072e-01,3.850382089614868164e+00,2.695330142974853516e+00,3.885718822479248047e+00,3.604356765747070312e+00,1.034432768821716309e+00,1.176785945892333984e+00,8.260111212730407715e-01,4.710755825042724609e+00,1.712972044944763184e+00,6.725244045257568359e+00,1.575665473937988281e+00,7.440631389617919922e-01,2.287663459777832031e+00,2.014208316802978516e+00,7.109255313873291016e+00,5.710803508758544922e+00,4.794540882110595703e+00,8.734266281127929688e+00,0.000000000000000000e+00,9.074032306671142578e-01,1.818602204322814941e+00,1.794236302375793457e+00,5.968828678131103516e+00,3.715620040893554688e+00,0.000000000000000000e+00,6.509776592254638672e+00,4.725223541259765625e+00,2.253814935684204102e+00,4.967903614044189453e+00,2.057578325271606445e+00,4.835018634796142578e+00,5.444071769714355469e+00,2.902598381042480469e+00,2.968940734863281250e+00,4.091478824615478516e+00,6.113635540008544922e+00,7.501852512359619141e+00,4.970401287078857422e+00,1.928657740354537964e-01,1.059241771697998047e+00,0.000000000000000000e+00,7.553196907043457031e+00,4.072960376739501953e+00,5.272083282470703125e+00,3.274293184280395508e+00,2.618803262710571289e+00,0.000000000000000000e+00,1.007902026176452637e+00,4.569541454315185547e+00,2.664229631423950195e+00,5.558295249938964844e+00,3.590923070907592773e+00,2.564746856689453125e+00,0.000000000000000000e+00,4.717016696929931641e+00,1.636195898056030273e+00
2.654477357864379883e+00,5.040192604064941406e+00,9.187302589416503906e+00,4.793973922729492188e+00,2.258755207061767578e+00,4.837573528289794922e+00,6.598246574401855469e+00,3.120931148529052734e+00,9.104920029640197754e-01,8.441033363342285156e+00,2.383097887039184570e+00,3.048468232154846191e-01,3.107811212539672852e+00,2.400126457214355469e+00,2.402141094207763672e+00,1.475112318992614746e+00,0.000000000000000000e+00,4.475584983825683594e+00,7.269639015197753906e+00,3.530572652816772461e+00,3.836951851844787598e-01,2.871090888977050781e+00,1.159331917762756348e+00,6.151092052459716797e+00,3.464274644851684570e+00,5.421450138092041016e+00,0.000000000000000000e+00,3.022435188293457031e+00,2.961527347564697266e+00,3.774796962738037109e+00,1.001649975776672363e+00,0.000000000000000000e+00,1.049407005310058594e+01,6.387823104858398438e+00,0.000000000000000000e+00,5.608198642730712891e-01,4.034053802490234375e+00,1.585666775703430176e+00,0.000000000000000000e+00,8.080184936523437500e+00,1.167716026306152344e+00,0.000000000000000000e+00,5.609082698822021484e+00,5.351263523101806641e+00,5.847928524017333984e+00,2.802637815475463867e+00,3.585059404373168945e+00,9.780663847923278809e-01,1.137370395660400391e+01,0.000000000000000000e+00,5.626729488372802734e+00,5.598654747009277344e+00,5.598683834075927734e+00,6.117553234100341797e+00,9.392519593238830566e-01,2.678275346755981445e+00,2.827784538269042969e+00,7.403668761253356934e-01,4.432516574859619141e+00,5.656588554382324219e+00,6.584637641906738281e+00,7.952905178070068359e+00,4.991765975952148438e+00,4.906888484954833984e+00,8.682778358459472656e+00,4.896849393844604492e-01,9.735147953033447266e-01,7.557704925537109375e+00,4.923703670501708984e+00,2.440813302993774414e+00,1.374653935432434082e+00,1.849185824394226074e+00,4.999170303344726562e+00,6.544793605804443359e+00,1.192839503288269043e+00,7.319272994995117188e+00,4.674765586853027344e+00,5.402442932128906250e+00,1.248435258865356445e+00,7.827093601226806641e+00,5.923280715942382812e+00,5.356362342834472656e+00,1.219095706939697266e+00,2.955985307693481445e+00,1.565902471542358398e+00,9.927133560180664062e+00,1.169292926788330078e+00,3.102917432785034180e+00,9.544654846191406250e+00,6.393745899200439453e+00,0.000000000000000000e+00,8.655369281768798828e-01,6.965824127197265625e+00,8.708222508430480957e-01,4.133093357086181641e+00,1.377302408218383789e+00,0.000000000000000000e+00,6.436589241027832031e+00,5.068359375000000000e+00,4.904655933380126953e+00,5.674198150634765625e+00,5.667488098144531250e+00,4.300735473632812500e+00,7.528027057647705078e+00,2.663257360458374023e+00,1.250431656837463379e+00,3.255320072174072266e+00,7.046152114868164062e+00,4.128390312194824219e+00,1.138873577117919922e+00,1.301188349723815918e+00,1.691211462020874023e+00,0.000000000000000000e+00,3.065216302871704102e+00,3.127105951309204102e+00,2.632153034210205078e+00,7.496679306030273438e+00,3.441456794738769531e+00,0.000000000000000000e+00,8.757884025573730469e+00,6.379621982574462891e+00,5.812803268432617188e+00,8.748035430908203125e-01,1.022167396545410156e+01,5.772523283958435059e-01,9.444531202316284180e-01,4.155405998229980469e+00,7.823914527893066406e+00
7.119039058685302734e+00,5.302936077117919922e+00,1.072906684875488281e+01,1.168576622009277344e+01,1.311532378196716309e+00,6.522127151489257812e+00,1.116753387451171875e+01,7.221568107604980469e+00,2.923185348510742188e+00,6.614960193634033203e+00,7.234374523162841797e+00,1.956512331962585449e-01,2.060096979141235352e+00,3.044816255569458008e-01,2.485687732696533203e+00,8.095988273620605469e+00,0.000000000000000000e+00,8.703632354736328125e+00,2.611369132995605469e+00,3.577219963073730469e+00,1.429337620735168457e+00,2.421406030654907227e+00,3.179519176483154297e-01,7.218882560729980469e+00,1.364304780960083008e+00,7.169768333435058594e+00,0.000000000000000000e+00,7.949877738952636719e+00,3.015456676483154297e+00,4.151870727539062500e+00,2.665600299835205078e+00,0.000000000000000000e+00,7.447126388549804688e+00,5.650722980499267578e+00,0.000000000000000000e+00,6.823874950408935547e+00,1.174243831634521484e+01,1.037187337875366211e+00,0.000000000000000000e+00,7.896109104156494141e+00,7.163085937500000000e+00,0.000000000000000000e+00,4.248344600200653076e-01,5.853068828582763672e+00,6.582090377807617188e+00,3.650787115097045898e+00,5.315472602844238281e+00,3.135362267494201660e-01,2.683051824569702148e+00,0.000000000000000000e+00,5.515541553497314453e+00,2.495635598897933960e-01,4.048524200916290283e-01,3.850788772106170654e-01,5.725237727165222168e-01,6.021683692932128906e+00,8.093716621398925781e+00,2.132494449615478516e+00,1.217438340187072754e+00,2.769171476364135742e+00,2.886254072189331055e+00,3.637280225753784180e+00,6.295455455780029297e+00,4.027584552764892578e+00,5.749626636505126953e+00,5.039358139038085938e+00,2.525313794612884521e-01,6.870340347290039062e+00,7.267834186553955078e+00,8.706617355346679688e+00,2.022478282451629639e-01,1.269795179367065430e+00,1.947574317455291748e-01,4.146836280822753906e+00,8.314762115478515625e+00,8.326518058776855469e+00,2.050930261611938477e+00,3.124426364898681641e+00,9.387143850326538086e-01,5.953310966491699219e+00,1.405646800994873047e+00,1.148148894309997559e+00,9.857313036918640137e-01,7.499432563781738281e+00,5.425333380699157715e-01,7.858840942382812500e+00,4.875012338161468506e-01,3.563210248947143555e+00,3.132586479187011719e+00,2.763586640357971191e-01,0.000000000000000000e+00,2.280086755752563477e+00,3.170078039169311523e+00,7.663592815399169922e+00,9.739503860473632812e-01,4.777853012084960938e+00,0.000000000000000000e+00,9.764023780822753906e+00,8.622689247131347656e+00,7.748649120330810547e+00,9.926929473876953125e+00,5.969307422637939453e+00,6.334493756294250488e-01,2.036915063858032227e+00,1.136301636695861816e+00,9.833524703979492188e+00,4.161628723144531250e+00,3.606588602066040039e+00,4.280359745025634766e+00,4.656346321105957031e+00,1.360361576080322266e+00,2.880631208419799805e+00,0.000000000000000000e+00,8.764093399047851562e+00,2.015539169311523438e+00,9.578383445739746094e+00,3.725400924682617188e+00,5.147663116455078125e+00,0.000000000000000000e+00,8.491878509521484375e+00,2.050964355468750000e+00,4.904728531837463379e-01,4.985861778259277344e+00,6.632443904876708984e+00,8.062785863876342773e-01,3.366518497467041016e+00,6.724139451980590820e-01,1.012728881835937500e+01
2.802015542984008789e+00,4.595524311065673828e+00,1.454828500747680664e+00,5.790743231773376465e-01,6.430111885070800781e+00,5.718908309936523438e+00,1.146430611610412598e+00,7.071512222290039062e+00,7.743487358093261719e+00,1.744554042816162109e+00,5.082564830780029297e+00,1.585132002830505371e+00,6.570569515228271484e+00,9.911660194396972656e+00,3.044050693511962891e+00,4.625983238220214844e+00,0.000000000000000000e+00,5.387781143188476562e+00,7.553970813751220703e-01,1.713586926460266113e+00,1.986543297767639160e+00,5.664998531341552734e+00,6.522530078887939453e+00,1.258775711059570312e+00,3.192938804626464844e+00,1.407276749610900879e+00,0.000000000000000000e+00,2.101773262023925781e+00,2.169809818267822266e+00,5.495149612426757812e+00,5.717672348022460938e+00,9.814584700507111847e-06,3.126460611820220947e-01,1.267693758010864258e+00,0.000000000000000000e+00,7.195373773574829102e-01,6.990226745605468750e+00,5.609786987304687500e+00,0.000000000000000000e+00,1.342591285705566406e+00,4.440392971038818359e+00,0.000000000000000000e+00,9.786705374717712402e-01,7.879924774169921875e-01,4.740916728973388672e+00,1.016068696975708008e+00,6.498495578765869141e+00,5.399676799774169922e+00,9.541856050491333008e-01,0.000000000000000000e+00,6.778643608093261719e+00,4.236707687377929688e-01,1.785558104515075684e+00,6.736545562744140625e+00,1.130923330783843994e-01,5.326736927032470703e+00,1.047376871109008789e+00,9.161900520324707031e+00,1.039393663406372070e+00,5.838601112365722656e+00,5.204790115356445312e+00,3.839111328125000000e+00,1.907020688056945801e+00,5.950122833251953125e+00,4.667393207550048828e+00,1.106260418891906738e+00,7.423807621002197266e+00,1.237885713577270508e+00,2.043771505355834961e+00,4.431397914886474609e+00,5.055042743682861328e+00,3.948497295379638672e+00,3.482507944107055664e+00,5.388365268707275391e+00,6.076884746551513672e+00,2.575559139251708984e+00,4.208038330078125000e+00,5.507779121398925781e+00,5.887424468994140625e+00,9.894141197204589844e+00,2.782239437103271484e+00,8.142916679382324219e+00,1.837237477302551270e+00,2.842509508132934570e+00,5.760071277618408203e+00,1.346743226051330566e+00,6.635881900787353516e+00,1.282528638839721680e-01,1.663754224777221680e+00,3.007131814956665039e-01,0.000000000000000000e+00,8.261408805847167969e+00,5.361607551574707031e+00,1.233641654253005981e-01,9.238595008850097656e+00,4.966840744018554688e+00,0.000000000000000000e+00,4.272258758544921875e+00,2.609580755233764648e+00,1.575576782226562500e+00,2.601664781570434570e+00,5.505486726760864258e-01,3.962422132492065430e+00,5.713225841522216797e+00,7.127114295959472656e+00,3.343595981597900391e+00,5.567968368530273438e+00,9.869559407234191895e-01,2.767929315567016602e+00,6.139583110809326172e+00,8.565116882324218750e+00,6.560842990875244141e+00,0.000000000000000000e+00,4.187234878540039062e+00,5.467276573181152344e+00,5.293668508529663086e-01,5.957729816436767578e+00,7.453887462615966797e+00,0.000000000000000000e+00,1.221885681152343750e+00,5.881252884864807129e-01,6.816254615783691406e+00,7.859500408172607422e+00,1.027448892593383789e+00,2.389438867568969727e+00,7.451325058937072754e-01,5.695142745971679688e+00,1.021940708160400391e+00
5.957818031311035156e-01,2.026835441589355469e+00,6.978544712066650391e+00,7.721425533294677734e+00,1.432809472084045410e+00,2.812071561813354492e+00,6.917866230010986328e+00,1.027663135528564453e+01,8.476060867309570312e+00,2.939503192901611328e+00,8.442699432373046875e+00,7.426650524139404297e-01,3.948842763900756836e+00,1.160821169614791870e-01,3.206539869308471680e+00,4.467835903167724609e+00,0.000000000000000000e+00,7.619984626770019531e+00,5.365502834320068359e+00,8.482586860656738281e+00,1.250927209854125977e+00,6.097592830657958984e+00,9.183412790298461914e-01,3.067899942398071289e+00,4.195517539978027344e+00,9.692217707633972168e-01,0.000000000000000000e+00,4.833658218383789062e+00,4.065951347351074219e+00,2.569925069808959961e+00,6.115878105163574219e+00,0.000000000000000000e+00,1.940774559974670410e+00,1.336603283882141113e+00,0.000000000000000000e+00,2.900756835937500000e+00,1.172059631347656250e+01,9.409095764160156250e+00,0.000000000000000000e+00,4.805663108825683594e+00,3.823993682861328125e+00,0.000000000000000000e+00,4.770227372646331787e-01,3.103172063827514648e+00,7.838902473449707031e+00,2.142915725708007812e+00,3.263093948364257812e+00,3.871465921401977539e+00,5.957464575767517090e-01,0.000000000000000000e+00,4.898957252502441406e+00,7.372267842292785645e-01,1.673825532197952271e-01,9.825038313865661621e-01,9.369304031133651733e-02,3.676803350448608398e+00,8.436904907226562500e+00,2.108206272125244141e+00,5.332460880279541016e+00,6.058560848236083984e+00,1.264510869979858398e+00,9.957592487335205078e-01,4.392921447753906250e+00,2.264149427413940430e+00,4.184868335723876953e+00,2.049603700637817383e+00,1.840815424919128418e+00,7.237204074859619141e+00,4.987669944763183594e+00,6.913465976715087891e+00,6.928286552429199219e-01,1.963700532913208008e+00,3.508646786212921143e-01,2.797897577285766602e+00,6.683201313018798828e+00,2.758335828781127930e+00,4.754484653472900391e+00,1.882681012153625488e+00,1.299804091453552246e+00,1.442828774452209473e+00,2.061285972595214844e+00,3.742477178573608398e+00,6.269505023956298828e-01,9.406472206115722656e+00,8.975800275802612305e-01,1.596319913864135742e+00,9.252150058746337891e-01,1.651656389236450195e+00,3.063362598419189453e+00,1.751288920640945435e-01,0.000000000000000000e+00,5.289474010467529297e+00,1.709589362144470215e+00,9.127848625183105469e+00,3.126451075077056885e-01,1.051217436790466309e+00,0.000000000000000000e+00,5.878968238830566406e+00,8.401691436767578125e+00,5.345866680145263672e+00,6.556526184082031250e+00,1.739829540252685547e+00,1.953323483467102051e+00,8.868535161018371582e-01,3.324280261993408203e+00,9.431722640991210938e+00,5.223161220550537109e+00,6.143704414367675781e+00,4.211514592170715332e-01,1.453741073608398438e+00,5.221834659576416016e+00,4.927892684936523438e+00,0.000000000000000000e+00,8.588121414184570312e+00,1.836691856384277344e+00,1.159137153625488281e+01,1.075195908546447754e+00,2.512644052505493164e+00,0.000000000000000000e+00,3.844451427459716797e+00,1.755755901336669922e+00,2.725346982479095459e-01,9.776498794555664062e+00,2.156805753707885742e+00,3.390654325485229492e+00,1.908709764480590820e+00,1.160884022712707520e+00,9.470089912414550781e+00
3.491314053535461426e-01,1.615847945213317871e+00,1.536231040954589844e+00,4.737879931926727295e-01,8.876737594604492188e+00,9.724859595298767090e-01,6.234703660011291504e-01,7.938806533813476562e+00,8.650933265686035156e+00,4.456144809722900391e+00,3.123208761215209961e+00,2.320684678852558136e-02,3.614139318466186523e+00,3.581941604614257812e+00,4.351115703582763672e+00,1.035561203956604004e+00,0.000000000000000000e+00,1.107874631881713867e+00,3.613052129745483398e+00,9.836713790893554688e+00,8.088126033544540405e-02,2.599718570709228516e+00,5.803440570831298828e+00,6.688720703125000000e+00,4.283891201019287109e+00,8.180184960365295410e-01,0.000000000000000000e+00,2.502998352050781250e+00,1.245899081230163574e+00,1.148497223854064941e+00,5.815438270568847656e+00,0.000000000000000000e+00,1.010328054428100586e+00,1.190204977989196777e+00,0.000000000000000000e+00,2.711272537708282471e-01,2.220375537872314453e+00,1.016184711456298828e+01,0.000000000000000000e+00,2.110274553298950195e+00,2.659703791141510010e-01,0.000000000000000000e+00,9.044178962707519531e+00,3.930060625076293945e+00,4.213280200958251953e+00,3.750624895095825195e+00,9.570623636245727539e-01,1.049663162231445312e+01,3.808274507522583008e+00,0.000000000000000000e+00,4.993653297424316406e+00,4.309851169586181641e+00,5.255472183227539062e+00,7.760187149047851562e+00,7.813182659447193146e-03,3.097737550735473633e+00,3.199364900588989258e+00,5.333288311958312988e-01,1.769651770591735840e+00,6.068059921264648438e+00,7.946053028106689453e+00,1.463421583175659180e+00,1.573921322822570801e+00,4.529720783233642578e+00,6.361914157867431641e+00,6.632801145315170288e-02,7.529840946197509766e+00,6.655559539794921875e+00,4.954801082611083984e+00,2.263363361358642578e+00,1.807586789131164551e+00,1.715405821800231934e+00,1.000801277160644531e+01,6.488529205322265625e+00,2.086834669113159180e+00,1.792760729789733887e+00,2.534578323364257812e+00,5.310935974121093750e+00,6.821300983428955078e+00,5.551158905029296875e+00,4.252810001373291016e+00,1.144665908813476562e+01,4.082330226898193359e+00,4.570930004119873047e+00,1.704842686653137207e+00,1.953668951988220215e+00,2.605739593505859375e+00,1.351064682006835938e+00,9.650953292846679688e+00,3.842834532260894775e-01,0.000000000000000000e+00,3.515946388244628906e+00,5.308343887329101562e+00,3.362564802169799805e+00,5.014364719390869141e+00,4.040355682373046875e+00,0.000000000000000000e+00,1.812304377555847168e+00,2.025868177413940430e+00,2.737554788589477539e+00,5.625567913055419922e+00,8.889297246932983398e-01,1.066991996765136719e+01,6.022623062133789062e+00,8.079342842102050781e+00,3.594341993331909180e+00,5.897307395935058594e+00,7.995467662811279297e+00,1.866436153650283813e-01,1.059697717428207397e-01,6.592326641082763672e+00,5.018647193908691406e+00,0.000000000000000000e+00,6.197333335876464844e+00,5.786466598510742188e+00,5.364750385284423828e+00,7.996199131011962891e+00,6.103087425231933594e+00,0.000000000000000000e+00,4.218684673309326172e+00,4.513502597808837891e+00,2.081588983535766602e+00,4.615995407104492188e+00,5.831123828887939453e+00,1.026723265647888184e+00,5.646623969078063965e-01,6.104772090911865234e+00,4.180903911590576172e+00
4.738043308258056641e+00,9.289162635803222656e+00,9.523902893066406250e+00,8.686029314994812012e-01,1.153538823127746582e-01,7.074533939361572266e+00,4.253898620605468750e+00,7.570789813995361328e+00,1.274461507797241211e+00,4.873426437377929688e+00,3.872566699981689453e+00,7.072411537170410156e+00,4.974090099334716797e+00,3.321592092514038086e+00,7.228711605072021484e+00,7.366775870323181152e-01,0.000000000000000000e+00,7.117305278778076172e+00,7.733220577239990234e+00,6.705087423324584961e-01,4.128763675689697266e+00,2.156807184219360352e+00,2.861627340316772461e-01,4.719728946685791016e+00,1.238149166107177734e+00,2.395286321640014648e+00,0.000000000000000000e+00,4.060270786285400391e+00,2.940115213394165039e+00,4.873095989227294922e+00,1.440862119197845459e-01,0.000000000000000000e+00,8.341009140014648438e+00,1.829071760177612305e+00,0.000000000000000000e+00,8.209128379821777344e-01,1.016500759124755859e+01,1.849367737770080566e+00,0.000000000000000000e+00,3.870970249176025391e+00,3.959944725036621094e+00,0.000000000000000000e+00,2.253961265087127686e-01,1.559499859809875488e+00,2.806802034378051758e+00,5.852413177490234375e+00,1.081372833251953125e+01,1.308379769325256348e-01,4.212009906768798828e+00,0.000000000000000000e+00,4.914355278015136719e+00,3.328564390540122986e-02,5.360914707183837891e+00,3.996434926986694336e+00,1.025338470935821533e-02,1.446739912033081055e+00,4.772528648376464844e+00,5.098966360092163086e-01,3.630282640457153320e+00,5.779489517211914062e+00,5.477465629577636719e+00,1.096164035797119141e+01,2.357411623001098633e+00,1.173404216766357422e+00,2.013032197952270508e+00,6.064774036407470703e+00,3.558886766433715820e+00,6.262291431427001953e+00,1.906817317008972168e+00,2.197195768356323242e+00,2.513458490371704102e+00,4.874708056449890137e-01,1.490371525287628174e-01,1.789182782173156738e+00,4.104243755340576172e+00,1.676475405693054199e+00,2.003498554229736328e+00,3.686530351638793945e+00,1.663699299097061157e-01,5.950811862945556641e+00,5.430287718772888184e-01,4.807596504688262939e-01,5.777285099029541016e+00,1.860273241996765137e+00,5.454479217529296875e+00,4.657487392425537109e+00,5.478208065032958984e+00,1.196143180131912231e-01,1.779418468475341797e+00,2.382400512695312500e+00,0.000000000000000000e+00,8.303456306457519531e+00,1.475212931632995605e+00,1.122839227318763733e-01,6.189330577850341797e+00,6.611743927001953125e+00,0.000000000000000000e+00,1.007457542419433594e+01,4.258545398712158203e+00,6.581591129302978516e+00,2.441659212112426758e+00,6.751162528991699219e+00,2.107377648353576660e-01,8.795524597167968750e+00,1.353457689285278320e+00,3.835390567779541016e+00,1.145337700843811035e+00,3.422588109970092773e+00,7.326725006103515625e+00,7.442097187042236328e+00,5.128089427947998047e+00,2.942486524581909180e+00,0.000000000000000000e+00,3.356215715408325195e+00,1.118795514106750488e+00,1.459445238113403320e+00,4.229565620422363281e+00,4.450796127319335938e+00,0.000000000000000000e+00,2.161535978317260742e+00,1.736119270324707031e+00,6.747458934783935547e+00,3.518234252929687500e+00,3.422848224639892578e+00,4.846474647521972656e+00,1.329136610031127930e+00,8.307354450225830078e-01,2.947947740554809570e+00
2.123148918151855469e+00,3.832157611846923828e+00,5.643456935882568359e+00,6.685649871826171875e+00,1.248174428939819336e+00,6.730164527893066406e+00,6.714459419250488281e+00,8.603752136230468750e+00,6.703111648559570312e+00,4.992523670196533203e+00,5.370734214782714844e+00,7.768806815147399902e-01,3.248562812805175781e+00,3.131957650184631348e-01,3.188997268676757812e+00,6.719584465026855469e+00,0.000000000000000000e+00,5.960511684417724609e+00,4.510942459106445312e+00,2.797919034957885742e+00,3.974692106246948242e+00,4.707558631896972656e+00,3.172358036041259766e+00,2.282003402709960938e+00,2.253958463668823242e+00,6.185586929321289062e+00,0.000000000000000000e+00,6.750829696655273438e+00,4.600111961364746094e+00,1.604411244392395020e+00,2.207392692565917969e+00,0.000000000000000000e+00,2.233087539672851562e+00,3.134843587875366211e+00,0.000000000000000000e+00,4.028042316436767578e+00,5.340725898742675781e+00,3.375729084014892578e+00,0.000000000000000000e+00,8.603868484497070312e-01,9.073750972747802734e-01,0.000000000000000000e+00,1.486213684082031250e+00,4.810792922973632812e+00,8.251018524169921875e+00,1.482464671134948730e+00,3.463050842285156250e+00,2.209612131118774414e+00,6.742503166198730469e+00,0.000000000000000000e+00,7.670656442642211914e-01,6.201573610305786133e-01,4.005862176418304443e-01,3.075217247009277344e+00,1.834282130002975464e-01,6.679907798767089844e+00,5.989127159118652344e+00,5.670594573020935059e-01,4.395036697387695312e+00,5.140499591827392578e+00,4.853012084960937500e+00,6.221948146820068359e+00,5.976297378540039062e+00,3.398282766342163086e+00,5.245860576629638672e+00,7.321112155914306641e-01,4.192118644714355469e+00,2.737360477447509766e+00,6.156546115875244141e+00,7.678859233856201172e+00,8.087185621261596680e-01,1.957988858222961426e+00,5.571018457412719727e-01,8.746198654174804688e+00,7.174754619598388672e+00,2.766988515853881836e+00,3.785484313964843750e+00,2.442312240600585938e+00,2.159475326538085938e+00,7.858533382415771484e+00,4.710133552551269531e+00,1.624956250190734863e+00,2.225738763809204102e+00,7.551423549652099609e+00,1.006269216537475586e+00,7.978832244873046875e+00,3.748046159744262695e+00,4.305550098419189453e+00,6.716020107269287109e+00,2.106194734573364258e+00,0.000000000000000000e+00,9.292143583297729492e-01,4.812697410583496094e+00,1.642824888229370117e+00,7.509741783142089844e-01,1.306095480918884277e+00,0.000000000000000000e+00,6.706970214843750000e+00,7.595424652099609375e+00,9.098830819129943848e-01,7.031536579132080078e+00,2.024219512939453125e+00,4.399493217468261719e+00,3.215305805206298828e+00,7.707574844360351562e+00,7.021125793457031250e+00,4.063887596130371094e+00,2.480512857437133789e+00,2.668056011199951172e+00,2.271462202072143555e+00,8.058947324752807617e-01,6.107399463653564453e+00,0.000000000000000000e+00,4.598468303680419922e+00,5.947461128234863281e+00,4.901779651641845703e+00,2.205817699432373047e+00,6.519466400146484375e+00,0.000000000000000000e+00,5.317108154296875000e+00,5.112958908081054688e+00,3.603586554527282715e-01,6.602956295013427734e+00,5.580538272857666016e+00,3.159412145614624023e+00,8.256388306617736816e-01,6.440545558929443359e+00,6.903059005737304688e+00
5.177974700927734375e+00,8.454524040222167969e+00,4.459793567657470703e+00,3.272017002105712891e+00,7.420035600662231445e-01,6.089552402496337891e+00,5.938192844390869141e+00,8.365370750427246094e+00,4.656518459320068359e+00,1.746560215950012207e+00,6.609525203704833984e+00,2.241017818450927734e+00,3.724742889404296875e+00,6.205566406250000000e+00,5.863694667816162109e+00,4.802747249603271484e+00,0.000000000000000000e+00,8.190456390380859375e+00,7.153013944625854492e-01,5.531141757965087891e-01,5.710597038269042969e+00,4.920537948608398438e+00,1.292961955070495605e+00,3.605635404586791992e+00,2.288240432739257812e+00,1.406940579414367676e+00,0.000000000000000000e+00,5.238399982452392578e+00,2.072380304336547852e+00,3.351741552352905273e+00,7.449725270271301270e-01,0.000000000000000000e+00,1.317890167236328125e+00,3.251591324806213379e-01,0.000000000000000000e+00,1.321557164192199707e+00,7.979293823242187500e+00,2.019743680953979492e+00,0.000000000000000000e+00,1.006693482398986816e+00,5.943819046020507812e+00,0.000000000000000000e+00,3.692690730094909668e-01,8.763975501060485840e-01,2.553463220596313477e+00,2.912142038345336914e+00,1.049507236480712891e+01,4.684449732303619385e-01,1.339078903198242188e+00,0.000000000000000000e+00,4.829585552215576172e+00,1.888907700777053833e-02,5.788013935089111328e-01,2.956874847412109375e+00,6.717921234667301178e-03,4.439316749572753906e+00,1.942133784294128418e+00,6.707132339477539062e+00,5.597506761550903320e-01,5.964150905609130859e+00,4.738910198211669922e+00,6.133354187011718750e+00,4.711433887481689453e+00,4.717252731323242188e+00,7.084070444107055664e-01,6.731347084045410156e+00,6.336438655853271484e+00,1.906557679176330566e+00,5.399415016174316406e+00,6.270751953125000000e+00,2.124191522598266602e+00,4.831662654876708984e+00,3.130163252353668213e-01,5.560324668884277344e+00,8.245770454406738281e+00,1.024046421051025391e+00,3.113468170166015625e+00,6.613104343414306641e+00,5.847949385643005371e-01,8.749152183532714844e+00,1.028426170349121094e+00,1.156373739242553711e+00,5.203476905822753906e+00,6.333331584930419922e+00,2.598045825958251953e+00,3.727246046066284180e+00,3.644412755966186523e+00,1.316520869731903076e-01,6.564676165580749512e-01,3.695204854011535645e-01,0.000000000000000000e+00,6.648661136627197266e+00,1.485851764678955078e+00,4.181388318538665771e-01,6.285189628601074219e+00,7.381915092468261719e+00,0.000000000000000000e+00,9.051002502441406250e+00,6.533613681793212891e+00,1.325096964836120605e+00,4.646971225738525391e+00,2.757615327835083008e+00,9.535518288612365723e-01,4.641724109649658203e+00,5.151680469512939453e+00,6.321669578552246094e+00,3.712364435195922852e+00,9.133800268173217773e-01,2.878007650375366211e+00,5.117882728576660156e+00,6.457056522369384766e+00,7.384427070617675781e+00,0.000000000000000000e+00,3.870949029922485352e+00,4.818542480468750000e+00,1.983060002326965332e+00,4.525986671447753906e+00,9.087907791137695312e+00,0.000000000000000000e+00,2.047550916671752930e+00,1.057107090950012207e+00,2.416406631469726562e+00,9.060483932495117188e+00,2.619827747344970703e+00,3.584722042083740234e+00,1.427605867385864258e+00,2.996312379837036133e+00,2.415566921234130859e+00
