node,weight,activation,weight_x_activation,grad_x_activation,ablation_delta_loss,incoming_norm,outgoing_norm,class0_mean_abs_activation,class0_ablation_delta_loss,class1_mean_abs_activation,class1_ablation_delta_loss,class2_mean_abs_activation,class2_ablation_delta_loss,class3_mean_abs_activation,class3_ablation_delta_loss,class4_mean_abs_activation,class4_ablation_delta_loss,class5_mean_abs_activation,class5_ablation_delta_loss,class6_mean_abs_activation,class6_ablation_delta_loss,class7_mean_abs_activation,class7_ablation_delta_loss,class8_mean_abs_activation,class8_ablation_delta_loss,class9_mean_abs_activation,class9_ablation_delta_loss
0,0.711969256401062,3.4493937492370605,1.4475942850112915,0.009399582631886005,0.0022750124335289,1.2078651189804077,0.4196662902832031,0.34667378664016724,0.003957830369472504,7.809037208557129,0.01332036778330803,2.65447735786438,0.00757242739200592,7.119039058685303,0.017494313418865204,2.802015542984009,0.005674324929714203,0.5957818031311035,-0.008090950548648834,0.34913140535354614,-0.008916079998016357,4.738043308258057,-0.008718304336071014,2.1231489181518555,-0.008017674088478088,5.177974700927734,0.007504627108573914
1,0.501234769821167,5.376041889190674,1.3248296976089478,0.010369420051574707,0.0009284019470214844,1.0194947719573975,0.24643217027187347,9.875666618347168,0.007127933204174042,3.5838921070098877,-0.0021865107119083405,5.040192604064941,0.0057071298360824585,5.30293607711792,-0.0037224963307380676,4.595524311065674,-0.012385815382003784,2.0268354415893555,-0.00948672741651535,1.6158479452133179,-0.005033843219280243,9.289162635803223,0.007825210690498352,3.832157611846924,-0.006684646010398865,8.454524040222168,0.02672155201435089
2,0.5280008316040039,5.781017780303955,1.5719802379608154,0.011741149239242077,-0.000916697084903717,1.0252420902252197,0.2719210088253021,4.265900611877441,-0.007868360728025436,4.333688735961914,-0.004500877112150192,9.187302589416504,0.00022324174642562866,10.729066848754883,0.017889365553855896,1.4548285007476807,-0.007475629448890686,6.97854471206665,0.008127644658088684,1.5362310409545898,-0.008701808750629425,9.523902893066406,0.012370958924293518,5.643456935882568,-0.0019994154572486877,4.459793567657471,-0.015523850917816162
3,0.6339182257652283,3.6667237281799316,1.3049768209457397,0.008333273231983185,-0.0007563233375549316,1.129124641418457,0.3558972179889679,1.7554810047149658,-0.004299432039260864,0.29258254170417786,-0.0004032030701637268,4.793973922729492,0.005309745669364929,11.685766220092773,0.0219045951962471,0.5790743231773376,-0.011536724865436554,7.721425533294678,-0.008427076041698456,0.47378799319267273,-0.0018287748098373413,0.8686029314994812,-0.008353155106306076,6.685649871826172,-0.0028862133622169495,3.272017002105713,0.0029336214065551758
4,0.5481330156326294,3.088582754135132,0.9033894538879395,0.008833886124193668,0.0007832124829292297,1.0272027254104614,0.29249319434165955,2.8636746406555176,-0.001276850700378418,5.08221435546875,0.006572194397449493,2.2587552070617676,-0.01369728147983551,1.3115323781967163,0.002249591052532196,6.430111885070801,0.023102842271327972,1.4328094720840454,-0.007768131792545319,8.876737594604492,0.014304541051387787,0.11535388231277466,-0.003223288804292679,1.2481744289398193,-0.00553729385137558,0.7420035600662231,-0.008031412959098816
5,0.4826488494873047,4.91126823425293,1.2726844549179077,0.011663679033517838,0.0003375336527824402,0.8989498615264893,0.2591356039047241,7.3443756103515625,0.012741081416606903,1.401471495628357,-0.005804374814033508,4.837573528289795,-0.012779824435710907,6.522127151489258,0.002166748046875,5.718908309936523,0.011150255799293518,2.8120715618133545,-0.009276770055294037,0.9724859595298767,-0.008648894727230072,7.074533939361572,0.004953678697347641,6.730164527893066,0.023059792816638947,6.089552402496338,-0.013901174068450928
6,0.4958585202693939,4.8942694664001465,1.150297999382019,0.009887115098536015,-0.0005074962973594666,1.0461479425430298,0.23502954840660095,4.599571228027344,0.002880975604057312,1.9778239727020264,-0.003061112016439438,6.5982465744018555,0.006160035729408264,11.167533874511719,0.01875200867652893,1.1464306116104126,-0.009128905832767487,6.917866230010986,-0.0008979812264442444,0.6234703660011292,-0.008893348276615143,4.253898620605469,-0.010666236281394958,6.714459419250488,-0.007280692458152771,5.938192844390869,0.008944451808929443
7,0.49791720509529114,7.012593746185303,1.7703803777694702,0.018641533330082893,0.0014635473489761353,0.9820336699485779,0.25245729088783264,3.7756404876708984,-0.01187148317694664,6.640011787414551,-0.0042433105409145355,3.1209311485290527,-0.01942070573568344,7.2215681076049805,-0.018228448927402496,7.071512222290039,-0.022057831287384033,10.276631355285645,0.02723473310470581,7.938806533813477,0.002673402428627014,7.570789813995361,0.01090523973107338,8.603752136230469,0.03167084604501724,8.365370750427246,0.019989237189292908
8,0.5512104630470276,4.783795356750488,1.2752059698104858,0.011390157975256443,0.0017027556896209717,1.1397961378097534,0.26656782627105713,2.299403667449951,-0.007697898894548416,4.757784843444824,-0.002558048814535141,0.9104920029640198,-0.013342365622520447,2.923185348510742,-0.011637672781944275,7.743487358093262,0.016166388988494873,8.47606086730957,0.019410453736782074,8.650933265686035,0.008044593036174774,1.2744615077972412,-0.0016580037772655487,6.70311164855957,0.017173372209072113,4.656518459320068,-0.00423218309879303
9,0.45082345604896545,4.19745397567749,0.9280704259872437,0.005674689542502165,-0.0004913732409477234,0.9192169904708862,0.22110317647457123,0.32974401116371155,-0.007913175970315933,5.300671577453613,-0.0010206103324890137,8.441033363342285,0.006528884172439575,6.614960193634033,0.007576651871204376,1.744554042816162,-0.004559900611639023,2.9395031929016113,-0.004885077476501465,4.4561448097229,0.001763559877872467,4.87342643737793,0.002200622111558914,4.992523670196533,0.0018138885498046875,1.7465602159500122,-0.007294699549674988
10,0.4701857268810272,5.334963321685791,1.1440205574035645,0.01003622729331255,0.0008422285318374634,1.0309473276138306,0.2144383192062378,10.21629810333252,0.00822199136018753,2.2709176540374756,-0.0025818943977355957,2.3830978870391846,-0.008543945848941803,7.234374523162842,-0.00411725789308548,5.082564830780029,-0.0009764209389686584,8.442699432373047,0.020806290209293365,3.12320876121521,-0.012698784470558167,3.8725666999816895,-0.0028447024524211884,5.370734214782715,-0.0029724910855293274,6.609525203704834,0.018230080604553223
11,0.6345861554145813,1.4765383005142212,0.6154058575630188,0.004871231969445944,0.0009486079216003418,0.9661939144134521,0.4167896509170532,0.24001719057559967,-0.00202333927154541,1.2432278394699097,-0.0001341700553894043,0.3048468232154846,-0.008191555738449097,0.19565123319625854,-0.001407913863658905,1.5851320028305054,-0.002377912402153015,0.7426650524139404,-0.0009241998195648193,0.02320684678852558,0.001279480755329132,7.07241153717041,0.019734423607587814,0.77688068151474,0.003183811902999878,2.2410178184509277,-0.0008470118045806885
12,0.4326714277267456,3.6909310817718506,0.8030704259872437,0.00824325904250145,0.0006162300705909729,0.860396683216095,0.21757936477661133,3.6623051166534424,-0.0018227621912956238,2.2073235511779785,-0.002491086721420288,3.107811212539673,-0.009952403604984283,2.0600969791412354,-0.004244893789291382,6.5705695152282715,0.019297204911708832,3.948842763900757,0.009369201958179474,3.6141393184661865,-0.005312472581863403,4.974090099334717,0.006101496517658234,3.248562812805176,0.008447326719760895,3.724742889404297,-0.011321097612380981
13,0.6040622591972351,3.18780255317688,0.9603245258331299,0.007032490335404873,0.000868573784828186,1.2112584114074707,0.3012496829032898,0.04801822826266289,-0.0022970736026763916,5.08642578125,0.006709307432174683,2.4001264572143555,0.0018491968512535095,0.3044816255569458,-0.0009525790810585022,9.911660194396973,0.02447999268770218,0.11608211696147919,-0.003813229501247406,3.581941604614258,0.00022848695516586304,3.321592092514038,-0.005194500088691711,0.31319576501846313,-0.011334218084812164,6.20556640625,-0.001356557011604309
14,0.4987001121044159,4.389718055725098,1.0792531967163086,0.0092151565477252,0.00022786855697631836,1.0115612745285034,0.24585935473442078,10.303596496582031,0.007774606347084045,1.9126371145248413,-0.004919994622468948,2.4021410942077637,-0.007905624806880951,2.485687732696533,-0.008128039538860321,3.044050693511963,-0.01463911309838295,3.2065398693084717,-0.00415106862783432,4.351115703582764,0.0022643283009529114,7.2287116050720215,0.01397613063454628,3.188997268676758,0.0036322996020317078,5.863694667816162,0.013244226574897766
15,0.5503036975860596,3.316380500793457,0.9739289879798889,0.008300423622131348,0.0005135238170623779,1.0311977863311768,0.29367226362228394,0.09435243904590607,-0.002606373280286789,1.915516972541809,-0.00490202009677887,1.4751123189926147,-0.010357968509197235,8.095988273620605,0.007550843060016632,4.625983238220215,0.010688848793506622,4.467835903167725,-0.003605559468269348,1.035561203956604,-0.0037972331047058105,0.7366775870323181,-0.00014417245984077454,6.7195844650268555,0.02028433233499527,4.8027472496032715,-0.006981953978538513
16,0.29951977729797363,0.0,0.0,0.0,0.0,0.6163666248321533,0.14554989337921143,0.0,0.0,0.0,0.0,0.0,0.0,0.0,0.0,0.0,0.0,0.0,0.0,0.0,0.0,0.0,0.0,0.0,0.0,0.0,0.0
17,0.45622366666793823,5.540544509887695,1.1697596311569214,0.007930363528430462,8.571147918701172e-05,0.9858514070510864,0.21112719178199768,3.7792789936065674,0.0007101297378540039,3.8260247707366943,-0.004263881593942642,4.475584983825684,-0.002873815596103668,8.703632354736328,-0.001247204840183258,5.387781143188477,-0.004877466708421707,7.6199846267700195,0.017037883400917053,1.1078746318817139,-0.011962011456489563,7.117305278778076,-0.0030512288212776184,5.960511684417725,0.00350324809551239,8.19045639038086,0.011275216937065125
18,0.5618026256561279,4.212418556213379,1.2102938890457153,0.009620701894164085,0.0006823018193244934,1.0985207557678223,0.2873156666755676,1.878397822380066,-0.0034277625381946564,6.93726110458374,0.00462765246629715,7.269639015197754,0.012411549687385559,2.6113691329956055,-0.016099683940410614,0.7553970813751221,-0.0025718137621879578,5.365502834320068,0.01357782632112503,3.6130521297454834,-0.0024352893233299255,7.73322057723999,0.012275855988264084,4.510942459106445,0.002531088888645172,0.7153013944625854,-0.01485966145992279
19,0.5876476168632507,4.793087005615234,1.4344810247421265,0.013028094545006752,0.0012539923191070557,1.153863549232483,0.2992812395095825,9.797348022460938,0.006588146090507507,7.105865955352783,0.01794298365712166,3.5305726528167725,-0.011012092232704163,3.5772199630737305,-0.0055786967277526855,1.7135869264602661,-0.0029715746641159058,8.482586860656738,0.027374722063541412,9.836713790893555,0.01699143648147583,0.6705087423324585,-0.0003642439842224121,2.7979190349578857,-0.02305794507265091,0.5531141757965088,-0.012690931558609009
20,0.5142596364021301,2.4896080493927,0.6471819281578064,0.007303384132683277,0.0003878399729728699,1.0173476934432983,0.2599533498287201,0.3571867346763611,-0.0019733645021915436,5.040470600128174,0.007433094084262848,0.38369518518447876,-0.0007719695568084717,1.4293376207351685,-0.005534730851650238,1.9865432977676392,-0.013776484876871109,1.250927209854126,-0.0030180886387825012,0.0808812603354454,-0.0025652945041656494,4.128763675689697,-0.004218880087137222,3.9746921062469482,0.008004553616046906,5.710597038269043,0.01854918897151947
21,0.4640834331512451,3.5893452167510986,0.8392370343208313,0.007822789251804352,0.0011443719267845154,0.9211338758468628,0.23381340503692627,4.437455654144287,-0.002872467041015625,0.8806349039077759,-0.003988470882177353,2.871090888977051,0.007853463292121887,2.4214060306549072,-0.009721562266349792,5.664998531341553,0.006553709506988525,6.097592830657959,0.013509497046470642,2.5997185707092285,-0.0065171197056770325,2.1568071842193604,-0.0052411556243896484,4.707558631896973,0.0026675164699554443,4.920537948608398,0.011666163802146912
22,0.46489453315734863,2.051647901535034,0.44087135791778564,0.00580289401113987,0.0011294856667518616,1.0057727098464966,0.21488645672798157,0.2030697911977768,-0.0013641566038131714,0.8366057872772217,-0.0015499666333198547,1.1593319177627563,-0.003913424909114838,0.31795191764831543,-0.004639141261577606,6.5225300788879395,0.023523181676864624,0.9183412790298462,-0.0021458491683006287,5.803440570831299,0.0018558651208877563,0.28616273403167725,-0.0002192966639995575,3.1723580360412598,0.009160071611404419,1.2929619550704956,-0.009092360734939575
23,0.5295748710632324,4.535159111022949,1.213379979133606,0.013166399672627449,0.0008566230535507202,1.0482151508331299,0.267549604177475,7.463568210601807,0.0115557461977005,2.8925750255584717,-0.0005113556981086731,6.151092052459717,0.0002971664071083069,7.2188825607299805,0.03384164720773697,1.2587757110595703,-0.010783795267343521,3.0678999423980713,-0.015769019722938538,6.688720703125,0.00679749995470047,4.719728946685791,0.0017820857465267181,2.282003402709961,-0.01996384561061859,3.605635404586792,0.0007157325744628906
24,0.43036624789237976,2.829448938369751,0.6646724939346313,0.006590255536139011,0.0008489415049552917,0.7884435057640076,0.23491235077381134,6.06764554977417,0.004086419939994812,0.4677399694919586,-0.0030779503285884857,3.4642746448516846,0.017442435026168823,1.364304780960083,-0.005025163292884827,3.192938804626465,-0.0014170408248901367,4.195517539978027,0.00890834629535675,4.283891201019287,-0.0011759474873542786,1.2381491661071777,-0.0037310458719730377,2.2539584636688232,-0.009265519678592682,2.288240432739258,0.0031029582023620605
25,0.6949974298477173,3.5855510234832764,1.556226134300232,0.012319974601268768,0.001858636736869812,1.1128833293914795,0.4340270459651947,0.06399066001176834,-0.0009398795664310455,9.028899192810059,0.00719505175948143,5.421450138092041,-0.016294367611408234,7.169768333435059,0.01369553804397583,1.4072767496109009,0.013448789715766907,0.9692217707633972,-0.010407887399196625,0.8180184960365295,-0.00522458553314209,2.3952863216400146,0.010786395519971848,6.185586929321289,0.022721149027347565,1.4069405794143677,-0.01803116500377655
26,0.3037922978401184,0.0,0.0,0.0,0.0,0.6194121241569519,0.14899574220180511,0.0,0.0,0.0,0.0,0.0,0.0,0.0,0.0,0.0,0.0,0.0,0.0,0.0,0.0,0.0,0.0,0.0,0.0,0.0,0.0
27,0.4477175772190094,4.629019260406494,1.0602881908416748,0.01112521905452013,-7.92965292930603e-05,0.8751315474510193,0.22905243933200836,4.25721549987793,0.0070349350571632385,5.661389350891113,0.005757257342338562,3.022435188293457,-0.0216064453125,7.949877738952637,0.008771099150180817,2.101773262023926,-0.0061424896121025085,4.833658218383789,-0.005469284951686859,2.5029983520507812,-0.008149586617946625,4.0602707862854,0.0009312853217124939,6.750829696655273,0.022791124880313873,5.238399982452393,-0.005394339561462402
28,0.4493035078048706,2.6568074226379395,0.5862776637077332,0.00786961056292057,0.0005740299820899963,0.914821445941925,0.22066999971866608,1.5061681270599365,-0.0023042000830173492,2.221221446990967,-0.0008960701525211334,2.9615273475646973,0.009207099676132202,3.0154566764831543,-0.013993747532367706,2.1698098182678223,-0.0021625980734825134,4.065951347351074,0.009728111326694489,1.2458990812301636,-0.006151571869850159,2.940115213394165,-0.004437543451786041,4.600111961364746,0.018444187939167023,2.072380304336548,-0.0010434985160827637
29,0.5342373251914978,3.611898422241211,1.0411596298217773,0.00812222994863987,0.0008467733860015869,0.9901173710823059,0.28825828433036804,4.372439384460449,0.004276350140571594,4.643532752990723,0.012094344943761826,3.774796962738037,-0.0021023303270339966,4.1518707275390625,0.003811381757259369,5.495149612426758,0.016748815774917603,2.56992506980896,-0.00011434406042098999,1.148497223854065,-0.006364457309246063,4.873095989227295,-0.00015428662300109863,1.604411244392395,-0.013705022633075714,3.3517415523529053,-0.006483793258666992
30,0.4874591827392578,2.485001564025879,0.5891773104667664,0.0054594422690570354,0.0006734803318977356,1.0022063255310059,0.23709334433078766,0.1834285408258438,-0.0032712258398532867,1.0244868993759155,-0.0007887296378612518,1.0016499757766724,-0.005917303264141083,2.665600299835205,-0.0006397515535354614,5.717672348022461,0.014737404882907867,6.115878105163574,0.00864487886428833,5.815438270568848,0.004579596221446991,0.14408621191978455,-0.0003483220934867859,2.207392692565918,-0.0003894492983818054,0.7449725270271301,-0.008305519819259644
31,0.31462836265563965,9.471073667555174e-07,1.507363549535512e-07,3.412338189789921e-10,0.0,0.6219807863235474,0.15915445983409882,0.0,0.0,0.0,0.0,0.0,0.0,0.0,0.0,9.814584700507112e-06,7.450580596923828e-09,0.0,0.0,0.0,0.0,0.0,0.0,0.0,0.0,0.0,0.0
32,0.5540370941162109,4.398660182952881,1.3092541694641113,0.008914201520383358,0.0013941526412963867,1.0312741994857788,0.2976484000682831,5.91251277923584,-0.002280671149492264,4.4573564529418945,0.0071791186928749084,10.494070053100586,0.02687498927116394,7.447126388549805,0.0019481107592582703,0.3126460611820221,-0.0018662437796592712,1.9407745599746704,-0.0010378211736679077,1.0103280544281006,-0.004531256854534149,8.341009140014648,0.003428131341934204,2.2330875396728516,-0.013332895934581757,1.3178901672363281,-0.0040978193283081055
33,0.45852190256118774,2.314473867416382,0.5205070972442627,0.0039046534802764654,-0.0007218047976493835,0.9348583221435547,0.22489219903945923,0.3818241059780121,-0.002396654337644577,1.638492226600647,-0.00322718545794487,6.387823104858398,0.003149069845676422,5.650722980499268,0.006760217249393463,1.2676937580108643,0.0009071230888366699,1.3366032838821411,-0.0040738508105278015,1.1902049779891968,-0.0011441409587860107,1.8290717601776123,0.00037376582622528076,3.134843587875366,-0.0010965242981910706,0.32515913248062134,-0.006363913416862488
34,0.3046707212924957,0.0,0.0,0.0,0.0,0.6177647709846497,0.15025824308395386,0.0,0.0,0.0,0.0,0.0,0.0,0.0,0.0,0.0,0.0,0.0,0.0,0.0,0.0,0.0,0.0,0.0,0.0,0.0,0.0
35,0.569726288318634,2.1652231216430664,0.7043561339378357,0.006962827872484922,0.00018037110567092896,0.9977985620498657,0.32530418038368225,0.056370753794908524,-0.0009299181401729584,4.2506866455078125,0.007012307643890381,0.5608198642730713,-0.01156579703092575,6.8238749504089355,0.01243177056312561,0.7195373773574829,0.0023529157042503357,2.9007568359375,-0.006147988140583038,0.27112725377082825,-0.0011728554964065552,0.8209128379821777,-0.0034170113503932953,4.028042316436768,0.011966414749622345,1.3215571641921997,-0.009561672806739807
36,0.4693475663661957,7.284369468688965,1.54796302318573,0.013254842720925808,0.00010871142148971558,1.036622166633606,0.21250474452972412,11.245683670043945,0.00978340208530426,3.0160980224609375,-0.0009249970316886902,4.034053802490234,-0.017363309860229492,11.742438316345215,0.012268871068954468,6.990226745605469,0.009067945182323456,11.720596313476562,0.023270338773727417,2.2203755378723145,-0.012530427426099777,10.165007591247559,0.006837133318185806,5.340725898742676,-0.016075432300567627,7.9792938232421875,-0.008317679166793823
37,0.47896042466163635,4.433566093444824,0.8946837186813354,0.0078060682862997055,0.00044490396976470947,1.1367969512939453,0.20179776847362518,7.79860258102417,-0.0006546862423419952,2.3443164825439453,-0.0016309581696987152,1.5856667757034302,-0.005411073565483093,1.0371873378753662,-0.010484345257282257,5.6097869873046875,0.003898210823535919,9.409095764160156,0.021932482719421387,10.161847114562988,0.0066038817167282104,1.8493677377700806,0.0015123113989830017,3.3757290840148926,3.8743019104003906e-07,2.0197436809539795,-0.00886911153793335
38,0.3147183358669281,0.0,0.0,0.0,0.0,0.608025074005127,0.16290055215358734,0.0,0.0,0.0,0.0,0.0,0.0,0.0,0.0,0.0,0.0,0.0,0.0,0.0,0.0,0.0,0.0,0.0,0.0,0.0,0.0
39,0.569520890712738,3.391185760498047,1.020232915878296,0.0087294802069664,0.00042403489351272583,1.078131079673767,0.30084842443466187,3.620030641555786,-0.0027672164142131805,0.9204922318458557,-0.0020900368690490723,8.080184936523438,0.019416317343711853,7.896109104156494,0.01656973361968994,1.3425912857055664,-0.001025184988975525,4.805663108825684,0.002721242606639862,2.11027455329895,-0.003203175961971283,3.8709702491760254,-0.0009070932865142822,0.860386848449707,-0.015488214790821075,1.0066934823989868,-0.007806837558746338
40,0.5400022864341736,3.3344104290008545,0.912483811378479,0.00781382154673338,0.0007443726062774658,1.065577507019043,0.2736567258834839,0.17671290040016174,-0.00011442229151725769,5.600220680236816,0.014817338436841965,1.1677160263061523,-0.006851673126220703,7.1630859375,0.010711796581745148,4.440392971038818,0.00011873245239257812,3.823993682861328,-0.0017570331692695618,0.265970379114151,-0.0005442574620246887,3.959944725036621,-0.005744576454162598,0.9073750972747803,-0.01445036381483078,5.943819046020508,0.010266438126564026
41,0.3321615159511566,0.0,0.0,0.0,0.0,0.6177701950073242,0.17859598994255066,0.0,0.0,0.0,0.0,0.0,0.0,0.0,0.0,0.0,0.0,0.0,0.0,0.0,0.0,0.0,0.0,0.0,0.0,0.0,0.0
42,0.5115543007850647,2.9120471477508545,0.7361066341400146,0.006340911611914635,0.0004446282982826233,1.0352401733398438,0.2527797818183899,9.743579864501953,0.013485446572303772,0.5435527563095093,-0.0020714066922664642,5.6090826988220215,0.006384268403053284,0.4248344600200653,-0.0012262910604476929,0.9786705374717712,-0.0021990612149238586,0.4770227372646332,-0.008261077105998993,9.04417896270752,0.009786702692508698,0.22539612650871277,-0.0031235478818416595,1.4862136840820312,-0.007549189031124115,0.36926907300949097,-0.001750752329826355
43,0.4614851176738739,3.6775918006896973,0.8893563151359558,0.007475147023797035,-0.00015636533498764038,0.8806495666503906,0.24183116853237152,5.449203014373779,0.009829916059970856,4.877505779266357,0.00415918231010437,5.351263523101807,-0.0021766945719718933,5.853068828582764,0.011374935507774353,0.7879924774169922,-0.0015392228960990906,3.1031720638275146,-0.008971095085144043,3.930060625076294,-0.002509772777557373,1.5594998598098755,-0.004526607692241669,4.810792922973633,0.0037693530321121216,0.8763975501060486,-0.011819884181022644
44,0.49924182891845703,5.113605976104736,1.2247109413146973,0.011869938112795353,0.001669764518737793,1.0406761169433594,0.23950046300888062,2.0536653995513916,-0.004954122006893158,6.495477676391602,0.012516502290964127,5.847928524017334,-0.007080793380737305,6.582090377807617,-0.008278615772724152,4.740916728973389,0.006140135228633881,7.838902473449707,0.015324093401432037,4.213280200958252,-0.0019765272736549377,2.8068020343780518,-0.005495723336935043,8.251018524169922,0.02684270590543747,2.5534632205963135,-0.016234859824180603
45,0.5532803535461426,3.4895803928375244,1.1859863996505737,0.011624528095126152,0.0005114004015922546,0.9007079601287842,0.3398650288581848,8.997753143310547,0.01883324235677719,2.2166876792907715,0.006645869463682175,2.802637815475464,-0.014697752892971039,3.650787115097046,0.015385955572128296,1.016068696975708,-0.007520817220211029,2.142915725708008,-0.009700976312160492,3.750624895095825,0.0030311569571495056,5.852413177490234,0.010676868259906769,1.4824646711349487,-0.0141945481300354,2.912142038345337,-0.00488223135471344
46,0.49388787150382996,5.26745080947876,1.3159451484680176,0.008880142122507095,0.00011616945266723633,0.976381242275238,0.24982580542564392,5.241497993469238,0.0032623261213302612,3.106161117553711,-0.004765145480632782,3.585059404373169,-0.005448170006275177,5.315472602844238,0.0008704066276550293,6.498495578765869,-0.008142102509737015,3.263093948364258,-0.002986304461956024,0.9570623636245728,-0.00540325790643692,10.813728332519531,0.013455938547849655,3.4630508422851562,-0.007211089134216309,10.495072364807129,0.017521724104881287
47,0.5715749263763428,2.717578172683716,0.8123438358306885,0.007076873444020748,0.000676080584526062,1.0929204225540161,0.29892197251319885,1.0129841566085815,0.00030563026666641235,2.3057689666748047,-0.0017881840467453003,0.9780663847923279,-0.007206514477729797,0.31353622674942017,-0.0045130252838134766,5.39967679977417,0.01016368716955185,3.8714659214019775,0.005829580128192902,10.496631622314453,0.013791754841804504,0.13083797693252563,-0.0007420293986797333,2.2096121311187744,0.001406252384185791,0.46844497323036194,-0.009760633111000061
48,0.6775928735733032,3.6242144107818604,1.3471215963363647,0.011790835298597813,-0.000262625515460968,1.2352211475372314,0.37170031666755676,0.3265966475009918,-0.005818959325551987,3.3638927936553955,-0.011157490313053131,11.373703956604004,0.027688786387443542,2.683051824569702,-0.016422726213932037,0.9541856050491333,-0.005668502300977707,0.5957464575767517,-0.005627341568470001,3.808274507522583,-0.003474228084087372,4.212009906768799,0.004300028085708618,6.7425031661987305,0.02298177033662796,1.3390789031982422,-0.010858550667762756
49,0.2963287830352783,0.0,0.0,0.0,0.0,0.5437982678413391,0.16147668659687042,0.0,0.0,0.0,0.0,0.0,0.0,0.0,0.0,0.0,0.0,0.0,0.0,0.0,0.0,0.0,0.0,0.0,0.0,0.0,0.0
50,0.5400058627128601,4.362950325012207,1.2458785772323608,0.00834444910287857,0.0006005913019180298,1.0211780071258545,0.2855587303638458,2.0258028507232666,-0.009445469826459885,3.519798517227173,-0.0005092024803161621,5.626729488372803,0.004722699522972107,5.5155415534973145,0.0039004087448120117,6.778643608093262,0.011834360659122467,4.898957252502441,0.011700212955474854,4.993653297424316,0.0005628988146781921,4.914355278015137,0.0008921138942241669,0.7670656442642212,-0.017048902809619904,4.829585552215576,0.0014508068561553955
51,0.517903208732605,1.628387451171875,0.42296966910362244,0.003814169205725193,0.00015038996934890747,1.0326322317123413,0.25974756479263306,0.06278867274522781,-0.0008835941553115845,3.584599494934082,0.0007595531642436981,5.598654747009277,0.014010250568389893,0.2495635598897934,-0.0041504427790641785,0.42367076873779297,-0.0031289272010326385,0.7372267842292786,0.00171680748462677,4.309851169586182,0.00046394020318984985,0.03328564390540123,-0.001327231526374817,0.6201573610305786,-0.005913741886615753,0.01888907700777054,-0.00046660006046295166
52,0.6624705195426941,2.828127384185791,1.0350730419158936,0.008348551578819752,0.0004989653825759888,1.1991156339645386,0.36599236726760864,0.7759896516799927,-0.004429556429386139,6.6001996994018555,0.00785745307803154,5.598683834075928,0.004152655601501465,0.40485242009162903,-0.013523153960704803,1.7855581045150757,-0.005163379013538361,0.16738255321979523,0.00024665892124176025,5.255472183227539,0.005306996405124664,5.360914707183838,0.017116408795118332,0.40058621764183044,-0.006127670407295227,0.5788013935089111,-0.0035716891288757324
53,0.5389400720596313,4.599781036376953,1.262524962425232,0.009082061238586903,0.0010939165949821472,1.058225393295288,0.27447500824928284,11.565166473388672,0.01078730821609497,2.1533684730529785,-0.0006642341613769531,6.117553234100342,0.006964892148971558,0.38507887721061707,-0.0028158724308013916,6.736545562744141,0.013455227017402649,0.9825038313865662,-0.011822402477264404,7.760187149047852,0.008639119565486908,3.9964349269866943,0.007029354572296143,3.0752172470092773,-0.00815235823392868,2.9568748474121094,-0.014336228370666504
54,0.5439730882644653,0.22423197329044342,0.0672837346792221,0.0008898649248294532,-0.0002806559205055237,0.9861484169960022,0.3000630736351013,0.315129816532135,-0.0019041448831558228,0.026160230860114098,0.00027715787291526794,0.9392519593238831,-0.0015807077288627625,0.5725237727165222,0.001059204339981079,0.1130923330783844,0.0002524629235267639,0.09369304031133652,-0.0019595474004745483,0.007813182659447193,6.854534149169922e-07,0.010253384709358215,-3.069639205932617e-05,0.18342821300029755,0.0008538216352462769,0.006717921234667301,-2.3856759071350098e-05
55,0.5305103659629822,3.747067451477051,1.0709315538406372,0.010378164239227772,0.000529363751411438,0.9847307801246643,0.28580525517463684,2.699373483657837,0.0028479620814323425,1.934327483177185,-0.0067595429718494415,2.6782753467559814,-0.012984655797481537,6.021683692932129,0.008790120482444763,5.326736927032471,0.013762123882770538,3.6768033504486084,-0.007974430918693542,3.0977375507354736,-0.002692379057407379,1.446739912033081,-0.004032071679830551,6.67990779876709,0.023925431072711945,4.439316749572754,-0.008481338620185852
56,0.4725671708583832,4.874533176422119,1.1336872577667236,0.010456950403749943,-0.0007298588752746582,0.9602113366127014,0.2325735092163086,6.883412837982178,0.00766647607088089,6.013120174407959,0.01169968768954277,2.827784538269043,-0.021423563361167908,8.093716621398926,0.009809419512748718,1.0473768711090088,8.80211591720581e-05,8.436904907226562,0.0071696937084198,3.1993649005889893,-0.007496930658817291,4.772528648376465,0.003209393471479416,5.989127159118652,0.002171546220779419,1.9421337842941284,-0.019835203886032104
57,0.7376183867454529,2.2120885848999023,1.0187907218933105,0.0071683162823319435,0.001468650996685028,1.1813565492630005,0.4605560302734375,0.13203993439674377,0.0015466958284378052,0.2267238199710846,-0.00039845332503318787,0.7403668761253357,1.3388693332672119e-05,2.1324944496154785,0.00044135749340057373,9.161900520324707,0.023777835071086884,2.108206272125244,0.007611982524394989,0.5333288311958313,-0.004979215562343597,0.5098966360092163,-0.006885640323162079,0.5670594573020935,-0.013753160834312439,6.707132339477539,0.01004067063331604
58,0.587755560874939,3.3410377502441406,1.0193296670913696,0.008416124619543552,0.0007376894354820251,1.1322965621948242,0.3050937354564667,8.87685775756836,0.0010992363095283508,2.447929620742798,-0.003110978752374649,4.432516574859619,0.010663703083992004,1.2174383401870728,-0.013532303273677826,1.039393663406372,-0.001080058515071869,5.332460880279541,0.014264047145843506,1.7696517705917358,-0.0026532262563705444,3.6302826404571533,0.008052833378314972,4.395036697387695,0.00914347916841507,0.5597506761550903,-0.01463983952999115
59,0.43931642174720764,5.505751609802246,1.1873289346694946,0.008810918778181076,0.0009516477584838867,0.8949534893035889,0.2156524658203125,11.291650772094727,0.01291075348854065,1.1256452798843384,-0.006947588175535202,5.656588554382324,0.011360689997673035,2.7691714763641357,-0.013326287269592285,5.838601112365723,-0.003729265183210373,6.058560848236084,0.00965835154056549,6.068059921264648,-0.003992706537246704,5.779489517211914,0.003163803368806839,5.140499591827393,-0.002688087522983551,5.964150905609131,0.004622206091880798
60,0.5280161499977112,5.313878536224365,1.318651795387268,0.00916348583996296,0.00022854655981063843,1.1235072612762451,0.24815241992473602,7.335813522338867,-0.004964940249919891,5.993483543395996,4.651769995689392e-05,6.584637641906738,0.011517882347106934,2.886254072189331,-0.011281132698059082,5.204790115356445,-0.007879588752985,1.2645108699798584,-0.01723574846982956,7.9460530281066895,0.011924996972084045,5.477465629577637,0.005656961351633072,4.8530120849609375,0.007705986499786377,4.73891019821167,0.0025186389684677124
61,0.5686789155006409,4.757864952087402,1.451778531074524,0.014400619082152843,0.0006602853536605835,1.0598539113998413,0.30513235926628113,1.1696571111679077,-0.005626987665891647,4.333899974822998,-0.014301247894763947,7.952905178070068,0.02666260302066803,3.637280225753784,-0.019256263971328735,3.839111328125,-0.011790953576564789,0.9957592487335205,-0.008752256631851196,1.4634215831756592,-0.0014072060585021973,10.961640357971191,0.013873692601919174,6.221948146820068,0.022281847894191742,6.133354187011719,0.0027821213006973267
62,0.4836489260196686,3.7667784690856934,0.9502437710762024,0.009371376596391201,0.00045114755630493164,0.927247166633606,0.2522696256637573,1.9228154420852661,-0.0058920420706272125,3.7623119354248047,0.0016245730221271515,4.991765975952148,0.009331122040748596,6.295455455780029,-0.005217157304286957,1.9070206880569458,-0.013792656362056732,4.392921447753906,-0.001143619418144226,1.5739213228225708,-0.0038395076990127563,2.3574116230010986,-0.008838623762130737,5.976297378540039,0.012101180851459503,4.7114338874816895,0.019430607557296753
63,0.5305908918380737,3.8760182857513428,1.069148302078247,0.009110033512115479,0.0005342885851860046,1.0206278562545776,0.2758367657661438,5.723164081573486,-0.005852218717336655,2.291537284851074,0.0012220144271850586,4.906888484954834,0.005536094307899475,4.027584552764893,0.011428892612457275,5.950122833251953,0.006776295602321625,2.2641494274139404,-0.011553958058357239,4.529720783233643,0.006939142942428589,1.1734042167663574,-0.008708212524652481,3.398282766342163,-0.013766519725322723,4.717252731323242,0.012643471360206604
64,0.5059582591056824,4.603017807006836,1.1645292043685913,0.007363966200500727,0.0005728602409362793,1.0118629932403564,0.25299254059791565,0.5536642670631409,-0.007155332714319229,7.334692478179932,0.005036789923906326,8.682778358459473,-0.000994853675365448,5.749626636505127,-0.0011215955018997192,4.667393207550049,0.01631094515323639,4.184868335723877,0.004845969378948212,6.361914157867432,0.0007266104221343994,2.0130321979522705,-0.0005041435360908508,5.245860576629639,0.005625292658805847,0.7084070444107056,-0.016946345567703247
65,0.678244411945343,2.3170266151428223,0.9107052683830261,0.009153827093541622,0.0004133880138397217,1.1703765392303467,0.39304912090301514,0.026605039834976196,-0.002624068409204483,1.050096869468689,-0.003899957984685898,0.48968493938446045,-0.0038542374968528748,5.039358139038086,0.012208662927150726,1.1062604188919067,-0.017790667712688446,2.0496037006378174,-0.0015933960676193237,0.0663280114531517,0.0005653128027915955,6.064774036407471,0.0022353827953338623,0.7321112155914307,-0.009676694869995117,6.73134708404541,0.029215708374977112
66,0.5231291651725769,4.329427242279053,1.1688356399536133,0.007138155400753021,-1.1965632438659668e-05,1.013666033744812,0.26997464895248413,2.5139970779418945,-0.005816325545310974,7.757370471954346,0.005576718598604202,0.9735147953033447,-0.009237013757228851,0.25253137946128845,-0.007675275206565857,7.423807621002197,-0.0005954280495643616,1.8408154249191284,-0.010760419070720673,7.52984094619751,0.01265474408864975,3.558886766433716,0.003173425793647766,4.1921186447143555,0.0058470219373703,6.3364386558532715,0.0035572052001953125
67,0.48662951588630676,4.901023864746094,1.1216291189193726,0.010193435475230217,0.00024225562810897827,1.03474760055542,0.22885608673095703,5.445917129516602,-0.0006242133677005768,3.39483904838562,-0.004153963178396225,7.557704925537109,0.0237751305103302,6.870340347290039,0.003979533910751343,1.2378857135772705,-0.006825633347034454,7.237204074859619,0.013792693614959717,6.655559539794922,-5.5812299251556396e-05,6.262291431427002,-0.0006215982139110565,2.7373604774475098,-0.015220455825328827,1.9065576791763306,-0.009728699922561646
68,0.5290725827217102,4.418401718139648,1.1441680192947388,0.010197797790169716,0.0005898624658584595,1.0809506177902222,0.258955180644989,4.846384525299072,-0.0018206648528575897,2.2330427169799805,-0.0076535046100616455,4.923703670501709,0.01583808660507202,7.267834186553955,0.008500836789608002,2.043771505355835,-0.01167011633515358,4.987669944763184,-0.006183020770549774,4.954801082611084,0.0016819387674331665,1.9068173170089722,-0.010339178144931793,6.156546115875244,-0.004196777939796448,5.399415016174316,0.02235424518585205
69,0.43540090322494507,4.366634845733643,0.7973682880401611,0.0063428133726119995,-0.0002628713846206665,1.0381654500961304,0.18260475993156433,0.49987390637397766,-0.0026330165565013885,3.134814977645874,-0.0028093233704566956,2.4408133029937744,-0.010997071862220764,8.70661735534668,0.008412294089794159,4.431397914886475,5.2228569984436035e-05,6.913465976715088,0.00429118424654007,2.2633633613586426,-0.00544305145740509,2.1971957683563232,-0.003311190754175186,7.678859233856201,0.011766694486141205,6.270751953125,-0.00012874603271484375
70,0.49242663383483887,2.055319309234619,0.5231757164001465,0.003951033111661673,0.0005769059062004089,0.9526092410087585,0.2545471787452698,6.1790666580200195,0.008725479245185852,0.002167909638956189,-2.0578503608703613e-05,1.374653935432434,0.00038211047649383545,0.20224782824516296,-0.0019161328673362732,5.055042743682861,0.00999944657087326,0.6928286552429199,-0.0010010004043579102,1.8075867891311646,-0.003923356533050537,2.513458490371704,0.00102204829454422,0.8087185621261597,-0.0001660957932472229,2.1241915225982666,-0.007029801607131958
71,0.5482804179191589,2.2732999324798584,0.6657090187072754,0.006102655082941055,0.000734969973564148,1.0265445709228516,0.2928381860256195,4.800214767456055,-0.001451779156923294,0.3428908884525299,-0.0011284351348876953,1.849185824394226,0.0036200135946273804,1.2697951793670654,-0.003887489438056946,3.9484972953796387,-0.006358880549669266,1.963700532913208,-0.0016512274742126465,1.715405821800232,-0.0022080764174461365,0.487470805644989,-0.00462118536233902,1.9579888582229614,-0.0003335624933242798,4.831662654876709,0.025389820337295532
72,0.6146109700202942,2.7410097122192383,0.9741055965423584,0.008037741295993328,0.0005410388112068176,1.0629312992095947,0.3553820252418518,2.7389676570892334,0.007968157529830933,3.850382089614868,0.0031210221350193024,4.999170303344727,0.005149558186531067,0.19475743174552917,-0.005683138966560364,3.4825079441070557,0.00423363596200943,0.3508646786212921,-0.0057378411293029785,10.008012771606445,0.016157515347003937,0.14903715252876282,-0.003128398209810257,0.557101845741272,-0.013259999454021454,0.3130163252353668,-0.005057692527770996
73,0.5134799480438232,5.01643180847168,1.2871397733688354,0.011621656827628613,0.0008376464247703552,1.0275812149047852,0.2565847337245941,6.063609600067139,0.0008335411548614502,2.6953301429748535,-0.006187062710523605,6.544793605804443,0.01120467483997345,4.146836280822754,-0.007577098906040192,5.388365268707275,-0.005193520337343216,2.7978975772857666,-0.011019431054592133,6.488529205322266,0.0013371333479881287,1.7891827821731567,-0.013915693387389183,8.746198654174805,0.02877078205347061,5.560324668884277,0.009189769625663757
74,0.5160973072052002,4.745940208435059,1.1664913892745972,0.008448301814496517,2.3424625396728516e-05,1.0836869478225708,0.24578721821308136,0.43516552448272705,-0.004919402301311493,3.885718822479248,-0.00681629404425621,1.192839503288269,-0.011461891233921051,8.314762115478516,0.006032124161720276,6.076884746551514,-0.0029226988554000854,6.683201313018799,0.005945682525634766,2.086834669113159,-0.006140202283859253,4.104243755340576,-0.0013067200779914856,7.174754619598389,0.013178303837776184,8.245770454406738,0.01102331280708313
75,0.6088647842407227,3.206847667694092,1.0908790826797485,0.009728907607495785,0.00044196099042892456,1.0897915363311768,0.34017178416252136,0.3027394413948059,-0.004405070096254349,3.6043567657470703,0.004785019904375076,7.319272994995117,0.00251585990190506,8.326518058776855,0.02418818324804306,2.575559139251709,0.012643061578273773,2.758335828781128,-0.004598073661327362,1.7927607297897339,-0.0026351138949394226,1.6764754056930542,-0.006485901772975922,2.766988515853882,-0.006262518465518951,1.0240464210510254,-0.014766126871109009
76,0.4530811607837677,3.4715256690979004,0.8062171936035156,0.007628425490111113,0.0013396218419075012,0.8839349746704102,0.23223714530467987,7.163331985473633,0.0018694251775741577,1.0344327688217163,-0.0032281875610351562,4.674765586853027,0.017454281449317932,2.0509302616119385,-0.010842062532901764,4.208038330078125,0.00593460351228714,4.7544846534729,0.011606507003307343,2.534578323364258,-0.0060079991817474365,2.0034985542297363,-0.004334874451160431,3.7854843139648438,-0.00023265928030014038,3.1134681701660156,0.0029520541429519653
77,0.5008032917976379,4.057941913604736,1.0159682035446167,0.005766888149082661,0.00013760477304458618,1.0017517805099487,0.25036537647247314,5.556464195251465,0.002750098705291748,1.176785945892334,-0.00780913233757019,5.402442932128906,0.006827875971794128,3.1244263648986816,0.003235340118408203,5.507779121398926,-0.00036653876304626465,1.8826810121536255,-0.0027468129992485046,5.310935974121094,-0.0009137094020843506,3.686530351638794,0.00024141371250152588,2.442312240600586,-0.008890070021152496,6.613104343414307,0.010022491216659546
78,0.5849761366844177,2.1890761852264404,0.7282314896583557,0.007788272108882666,0.0014457851648330688,1.028650164604187,0.3326661288738251,2.0229127407073975,-0.000600520521402359,0.8260111212730408,-0.0026435554027557373,1.2484352588653564,-0.00673520565032959,0.9387143850326538,0.003219999372959137,5.887424468994141,0.02311582863330841,1.2998040914535522,-0.007445700466632843,6.821300983428955,0.007117554545402527,0.16636992990970612,-0.0009914860129356384,2.159475326538086,0.010668747127056122,0.5847949385643005,-0.011214390397071838
79,0.5151603817939758,6.21453857421875,1.5839234590530396,0.011593135073781013,0.0005649402737617493,1.0412609577178955,0.2548738718032837,3.855844497680664,-0.013679679483175278,4.710755825042725,-0.007643315941095352,7.827093601226807,0.014729157090187073,5.953310966491699,-0.004933983087539673,9.89414119720459,0.008134305477142334,1.4428287744522095,-0.016633793711662292,5.551158905029297,0.0017746612429618835,5.950811862945557,-0.007026467472314835,7.8585333824157715,0.013841710984706879,8.749152183532715,0.015670046210289
80,0.44269803166389465,3.0383458137512207,0.661652147769928,0.006180030759423971,0.0006904155015945435,0.8999588489532471,0.21776722371578217,5.96050500869751,0.0019181296229362488,1.7129720449447632,-0.0012310594320297241,5.923280715942383,0.018919333815574646,1.405646800994873,-0.010337315499782562,2.7822394371032715,-0.0004811510443687439,2.061285972595215,-0.0030784383416175842,4.252810001373291,-0.0015389248728752136,0.5430287718772888,-0.006384313106536865,4.7101335525512695,0.00881899893283844,1.028426170349121,-0.0005778372287750244
81,0.5962790250778198,4.394885063171387,1.4343500137329102,0.013827755115926266,0.002203628420829773,1.0894103050231934,0.3263680338859558,3.575756549835205,0.002299785614013672,6.725244045257568,0.01191774383187294,5.356362342834473,-0.0023989081382751465,1.1481488943099976,-0.007112853229045868,8.142916679382324,0.0319548100233078,3.7424771785736084,0.01517517864704132,11.446659088134766,0.013620778918266296,0.4807596504688263,-0.00405280664563179,1.6249562501907349,-0.01966805011034012,1.1563737392425537,-0.01876586675643921
82,0.5048006772994995,2.7395355701446533,0.7562670111656189,0.007538359612226486,-0.0002430453896522522,0.9230849146842957,0.2760566473007202,3.4993937015533447,-0.000751987099647522,1.5756654739379883,-0.002787206321954727,1.2190957069396973,-0.012781158089637756,0.985731303691864,0.0021332204341888428,1.8372374773025513,-0.012495484203100204,0.6269505023956299,-0.005102969706058502,4.082330226898193,0.004872061312198639,5.777285099029541,0.011354003101587296,2.225738763809204,0.003017917275428772,5.203476905822754,0.009082019329071045
83,0.5248292684555054,5.350509166717529,1.3686288595199585,0.008751132525503635,0.0009433403611183167,1.0768259763717651,0.25579413771629333,11.304747581481934,0.009168729186058044,0.744063138961792,-0.004348438233137131,2.9559853076934814,-0.0026051998138427734,7.499432563781738,-0.0023209601640701294,2.8425095081329346,-0.008638162165880203,9.406472206115723,0.011142700910568237,4.570930004119873,-0.005017079412937164,1.8602732419967651,-0.0062654949724674225,7.5514235496521,0.0032249465584754944,6.33333158493042,0.017683133482933044
84,0.5445033311843872,2.6875650882720947,0.7280450463294983,0.006815148983150721,0.000806659460067749,1.094464898109436,0.270893931388855,4.8521552085876465,-0.0016609691083431244,2.287663459777832,-0.0007259920239448547,1.5659024715423584,-0.010746300220489502,0.5425333380699158,-0.0014903992414474487,5.760071277618408,0.017370060086250305,0.8975800275802612,-0.0011456087231636047,1.7048426866531372,-0.0010959133505821228,5.454479217529297,0.015024244785308838,1.0062692165374756,0.002309367060661316,2.598045825958252,-0.009945020079612732
85,0.5426779985427856,4.424906253814697,1.1815167665481567,0.010122832842171192,-0.0008825883269309998,1.1029316186904907,0.26701509952545166,3.0927553176879883,-0.001798376441001892,2.0142083168029785,-0.007764890789985657,9.927133560180664,0.015636131167411804,7.8588409423828125,0.013067573308944702,1.3467432260513306,-0.007426552474498749,1.5963199138641357,-0.01395503431558609,1.9536689519882202,-0.003947310149669647,4.657487392425537,-0.008794046938419342,7.978832244873047,0.012887150049209595,3.727246046066284,-0.007139533758163452
86,0.6107417941093445,3.5262515544891357,1.18105947971344,0.009979072026908398,0.0018827468156814575,1.1136707067489624,0.33493342995643616,2.54316782951355,0.0006981715559959412,7.109255313873291,0.010297846049070358,1.16929292678833,-0.01139678806066513,0.48750123381614685,-0.008021339774131775,6.6358819007873535,0.021759673953056335,0.9252150058746338,-0.004999600350856781,2.6057395935058594,0.0021942630410194397,5.478208065032959,0.011198461055755615,3.7480461597442627,0.007677905261516571,3.6444127559661865,-0.01289646327495575
87,0.541474461555481,2.08678936958313,0.6527506709098816,0.005452423356473446,0.0006124451756477356,0.9373185038566589,0.31280142068862915,0.2798631489276886,-0.004952099174261093,5.710803508758545,0.005336727946996689,3.102917432785034,-0.006101496517658234,3.5632102489471436,-0.002820827066898346,0.12825286388397217,-0.0004418715834617615,1.6516563892364502,-0.005912080407142639,1.351064682006836,0.004678182303905487,0.11961431801319122,-0.000228147953748703,4.3055500984191895,0.017206795513629913,0.1316520869731903,-0.0026313364505767822
88,0.5723327994346619,4.882730484008789,1.5236754417419434,0.011396451853215694,0.0006036609411239624,1.0497056245803833,0.31205397844314575,7.255374908447266,0.008971922099590302,4.794540882110596,-0.002667803317308426,9.544654846191406,0.01472616195678711,3.1325864791870117,-0.0048642829060554504,1.6637542247772217,-0.007405787706375122,3.0633625984191895,-0.016072295606136322,9.65095329284668,0.00966113805770874,1.7794184684753418,-0.004152797162532806,6.716020107269287,0.020261429250240326,0.656467616558075,-0.015361562371253967
89,0.8763228058815002,2.346496343612671,1.2644587755203247,0.011243665590882301,0.007051087915897369,1.425093650817871,0.5388709902763367,0.9340549111366272,0.0015380308032035828,8.73426628112793,0.03285455331206322,6.3937458992004395,0.0522637814283371,0.2763586640357971,-0.013660535216331482,0.3007131814956665,0.0024029985070228577,0.17512889206409454,0.0023918598890304565,0.3842834532260895,-0.0013225749135017395,2.3824005126953125,0.005256865173578262,2.1061947345733643,-0.016941338777542114,0.36952048540115356,-0.00021588802337646484
90,0.2766406536102295,0.0,0.0,0.0,0.0,0.6309065222740173,0.12130173295736313,0.0,0.0,0.0,0.0,0.0,0.0,0.0,0.0,0.0,0.0,0.0,0.0,0.0,0.0,0.0,0.0,0.0,0.0,0.0,0.0
91,0.4847027063369751,3.940235137939453,0.950383186340332,0.008213185705244541,0.00041585415601730347,0.974034309387207,0.24119961261749268,2.9648776054382324,-0.007613524794578552,0.9074032306671143,-0.003068823367357254,0.8655369281768799,-0.004440329968929291,2.2800867557525635,-0.008122451603412628,8.261408805847168,0.007600307464599609,5.289474010467529,0.017469674348831177,3.515946388244629,-0.003764823079109192,8.30345630645752,0.01055346429347992,0.929214358329773,-0.004286214709281921,6.648661136627197,0.002050146460533142
92,0.49065402150154114,3.2900397777557373,0.8169816732406616,0.00818595290184021,0.0006331354379653931,0.9694815874099731,0.24831970036029816,0.6946747899055481,-0.004583798348903656,1.818602204322815,-0.00625808909535408,6.965824127197266,0.014799326658248901,3.1700780391693115,-0.005622684955596924,5.361607551574707,0.012761525809764862,1.7095893621444702,-0.0012102127075195312,5.308343887329102,-0.002359718084335327,1.4752129316329956,-0.0041947141289711,4.812697410583496,0.013515330851078033,1.485851764678955,-0.010035902261734009
93,0.5309396982192993,3.3339624404907227,0.9461410045623779,0.007875013165175915,0.00037904083728790283,0.9933338165283203,0.2837887406349182,9.645179748535156,0.013282425701618195,1.7942363023757935,-7.275491952896118e-05,0.8708222508430481,-0.004581950604915619,7.66359281539917,0.01247899979352951,0.1233641654253006,-0.0015661045908927917,9.127848625183105,0.004228778183460236,3.3625648021698,0.008450359106063843,0.11228392273187637,-0.0009528771042823792,1.6428248882293701,-0.022223323583602905,0.4181388318538666,-0.003817632794380188
94,0.6578734517097473,4.3745341300964355,1.5770254135131836,0.009281562641263008,0.0012150779366493225,1.2005432844161987,0.36050134897232056,4.0544281005859375,0.0031637996435165405,5.9688286781311035,0.007244132459163666,4.133093357086182,-0.0002869442105293274,0.9739503860473633,-0.002890460193157196,9.238595008850098,0.02553357183933258,0.3126451075077057,-0.00789099931716919,5.014364719390869,0.0015051290392875671,6.189330577850342,0.0020400620996952057,0.750974178314209,-0.015609614551067352,6.285189628601074,-0.0019201487302780151
95,0.5754400491714478,3.6649858951568604,1.148587703704834,0.010080561973154545,0.0003834739327430725,1.0565943717956543,0.31339484453201294,1.0668559074401855,0.006497912108898163,3.7156200408935547,-0.00017218664288520813,1.3773024082183838,-0.014751337468624115,4.777853012084961,0.02035493403673172,4.966840744018555,-0.0033052340149879456,1.0512174367904663,-0.008676014840602875,4.040355682373047,0.0006412193179130554,6.611743927001953,0.007467083632946014,1.3060954809188843,-0.012407705187797546,7.381915092468262,0.008244544267654419
96,0.32639405131340027,0.0,0.0,0.0,0.0,0.6121419072151184,0.1740332990884781,0.0,0.0,0.0,0.0,0.0,0.0,0.0,0.0,0.0,0.0,0.0,0.0,0.0,0.0,0.0,0.0,0.0,0.0,0.0,0.0
97,0.49753817915916443,6.471071720123291,1.6856989860534668,0.013755598105490208,0.0008359476923942566,0.9502743482589722,0.26049765944480896,4.179636001586914,-0.00921943411231041,6.509776592254639,0.003013160079717636,6.436589241027832,-0.007238246500492096,9.764023780822754,-0.004530392587184906,4.272258758544922,-0.02614934742450714,5.878968238830566,-0.0015397295355796814,1.8123043775558472,-0.004586495459079742,10.074575424194336,0.014320418238639832,6.70697021484375,0.0004525706171989441,9.051002502441406,0.04198905825614929
98,0.4496324956417084,5.192075729370117,1.1736067533493042,0.009759396314620972,0.0006401240825653076,0.8944041132926941,0.22603806853294373,2.764789581298828,-0.007671460509300232,4.725223541259766,0.002916194498538971,5.068359375,0.0047668516635894775,8.622689247131348,-0.0033042728900909424,2.6095807552337646,-0.01501704752445221,8.401691436767578,0.01239989697933197,2.0258681774139404,-0.006560660898685455,4.258545398712158,-0.006927870213985443,7.595424652099609,0.002997465431690216,6.533613681793213,0.023949995636940002
99,0.5371215343475342,3.7166240215301514,1.0336958169937134,0.007044535595923662,-9.144842624664307e-05,1.0372920036315918,0.27812764048576355,4.204171657562256,-0.0021604932844638824,2.253814935684204,0.0005286633968353271,4.904655933380127,0.004509352147579193,7.7486491203308105,0.013993702828884125,1.5755767822265625,-0.002765931189060211,5.345866680145264,0.004252128303050995,2.7375547885894775,-0.0023617595434188843,6.5815911293029785,0.0060715824365615845,0.9098830819129944,-0.014182813465595245,1.3250969648361206,-0.008015722036361694
100,0.5000922679901123,5.14531946182251,1.2875168323516846,0.011356746777892113,2.2649765014648438e-06,0.9994467496871948,0.25023069977760315,2.3733937740325928,-0.008557755500078201,4.9679036140441895,0.0029510781168937683,5.674198150634766,0.0011907219886779785,9.926929473876953,0.02855505794286728,2.6016647815704346,-0.011724315583705902,6.556526184082031,-0.00856691598892212,5.62556791305542,0.007159613072872162,2.4416592121124268,-0.010481026023626328,7.03153657913208,-0.004517026245594025,4.646971225738525,0.0036548078060150146
101,0.5107055902481079,3.7564568519592285,1.0380918979644775,0.008921259082853794,0.0005689561367034912,0.943808376789093,0.27634868025779724,9.147628784179688,0.019487984478473663,2.0575783252716064,-0.0008496269583702087,5.667488098144531,0.008168265223503113,5.9693074226379395,0.012607097625732422,0.5505486726760864,-0.004272624850273132,1.7398295402526855,-0.009058311581611633,0.8889297246932983,-0.006086818873882294,6.751162528991699,0.004570763558149338,2.024219512939453,-0.010884009301662445,2.757615327835083,-0.008380457758903503
102,0.4785326421260834,3.9604275226593018,0.991451621055603,0.0072170440107584,0.0006318911910057068,0.9147316217422485,0.250339537858963,7.0923171043396,0.0126095712184906,4.835018634796143,0.004867158830165863,4.3007354736328125,-0.004231564700603485,0.633449375629425,-0.0007663071155548096,3.9624221324920654,-0.0007320195436477661,1.953323483467102,-0.009512238204479218,10.669919967651367,0.010947272181510925,0.21073776483535767,-0.003790188580751419,4.399493217468262,0.0030715838074684143,0.9535518288612366,-0.008117318153381348
103,0.5210033655166626,5.451573848724365,1.3006774187088013,0.008887743577361107,0.0009363219141960144,1.1377147436141968,0.23858749866485596,9.313910484313965,-0.002981901168823242,5.4440717697143555,0.0032594799995422363,7.528027057647705,0.012660637497901917,2.0369150638580322,-0.012795470654964447,5.713225841522217,0.0014149993658065796,0.8868535161018372,-0.008686929941177368,6.022623062133789,0.004676297307014465,8.795524597167969,0.015062719583511353,3.215305805206299,-0.0028940141201019287,4.641724109649658,-0.003845691680908203
104,0.5678542256355286,5.012402057647705,1.4199570417404175,0.012450083158910275,0.0019325166940689087,1.1382676362991333,0.28328874707221985,10.83947467803955,0.01949179917573929,2.9025983810424805,-0.005897063761949539,2.663257360458374,-0.013828270137310028,1.1363016366958618,-0.009905904531478882,7.127114295959473,0.0038339123129844666,3.324280261993408,-0.010053113102912903,8.07934284210205,0.003005184233188629,1.3534576892852783,-0.0009487010538578033,7.707574844360352,0.03878215700387955,5.1516804695129395,-0.005837202072143555
105,0.5956138968467712,4.67759370803833,1.4873554706573486,0.011949436739087105,-0.0003757849335670471,1.1156742572784424,0.3179744780063629,0.3246147036552429,-0.0067999474704265594,2.9689407348632812,-0.005379769951105118,1.2504316568374634,-0.019897490739822388,9.833524703979492,0.01933283358812332,3.3435959815979004,-0.009137887507677078,9.431722640991211,0.012314669787883759,3.594341993331909,-0.004317022860050201,3.835390567779541,0.0012778714299201965,7.021125793457031,0.013218089938163757,6.321669578552246,-0.0010664910078048706
106,0.4363590478897095,4.1216888427734375,0.8094814419746399,0.006758679170161486,0.0004071369767189026,0.9695188999176025,0.19639557600021362,4.408385753631592,-0.0019371621310710907,4.0914788246154785,0.004026312381029129,3.2553200721740723,-0.010320551693439484,4.161628723144531,0.0037630796432495117,5.567968368530273,0.008846864104270935,5.223161220550537,0.0034107640385627747,5.897307395935059,0.01004096120595932,1.145337700843811,-0.0028832629323005676,4.063887596130371,-0.010438531637191772,3.712364435195923,3.738701343536377e-05
107,0.5259737968444824,4.018895149230957,1.0393656492233276,0.008789491839706898,0.00029821693897247314,1.0697110891342163,0.2586197555065155,1.087742805480957,-0.007842719554901123,6.113635540008545,0.0028037428855895996,7.046152114868164,0.013827726244926453,3.60658860206604,-0.009343817830085754,0.9869559407234192,-0.009543836116790771,6.143704414367676,0.015491761267185211,7.995467662811279,0.007570408284664154,3.4225881099700928,-0.00032640621066093445,2.480512857437134,-0.009874440729618073,0.9133800268173218,0.0004731714725494385
108,0.5818142294883728,3.328845500946045,1.0886051654815674,0.007025391794741154,0.0014873296022415161,1.0351228713989258,0.32702183723449707,0.027930716052651405,-0.0006352700293064117,7.501852512359619,0.013376127928495407,4.128390312194824,-0.004079796373844147,4.280359745025635,0.0028348490595817566,2.7679293155670166,0.00603947788476944,0.42115145921707153,-0.004873044788837433,0.18664361536502838,-0.00014676153659820557,7.326725006103516,0.01371382549405098,2.668056011199951,-0.0072642117738723755,2.878007650375366,-0.006828680634498596
109,0.5352721214294434,3.3827171325683594,1.0083221197128296,0.007786961738020182,0.0009895116090774536,0.9612041115760803,0.29808053374290466,0.14504437148571014,-0.0018168911337852478,4.970401287078857,0.003712903708219528,1.13887357711792,-0.011646658182144165,4.656346321105957,0.0066052451729774475,6.139583110809326,0.01905170828104019,1.4537410736083984,-0.003555774688720703,0.10596977174282074,-0.001263946294784546,7.442097187042236,0.012146774679422379,2.2714622020721436,-0.0033650919795036316,5.11788272857666,-0.010388985276222229
110,0.5599744319915771,3.667036533355713,1.1567796468734741,0.00950886495411396,-2.004951238632202e-05,0.9940333366394043,0.31545352935791016,1.6712573766708374,-0.012263551354408264,0.1928657740354538,-0.0027071870863437653,1.301188349723816,0.003258436918258667,1.3603615760803223,-0.0075872913002967834,8.565116882324219,-0.009552370756864548,5.221834659576416,0.019450567662715912,6.592326641082764,0.005352005362510681,5.128089427947998,0.005608111619949341,0.8058947324752808,-0.009873554110527039,6.457056522369385,0.009771451354026794
111,0.4810654819011688,4.349343776702881,0.994544506072998,0.009985399432480335,0.00113707035779953,1.0120638608932495,0.22866541147232056,5.5997161865234375,-0.003315076231956482,1.059241771697998,-0.0027625970542430878,1.691211462020874,-0.005165457725524902,2.8806312084198,-0.011364176869392395,6.560842990875244,-0.00714685395359993,4.927892684936523,0.001294359564781189,5.018647193908691,-0.0018698051571846008,2.942486524581909,-0.005504250526428223,6.1073994636535645,0.0179484561085701,7.384427070617676,0.029555171728134155
112,0.27790215611457825,0.0,0.0,0.0,0.0,0.6147336363792419,0.12563101947307587,0.0,0.0,0.0,0.0,0.0,0.0,0.0,0.0,0.0,0.0,0.0,0.0,0.0,0.0,0.0,0.0,0.0,0.0,0.0,0.0
113,0.5268491506576538,5.039829254150391,1.35377037525177,0.010365085676312447,0.00027154386043548584,1.033340334892273,0.2686143219470978,0.4916025996208191,-0.007925409823656082,7.553196907043457,0.0058125704526901245,3.065216302871704,-0.01804821938276291,8.764093399047852,0.018438562750816345,4.187234878540039,0.0022232383489608765,8.58812141418457,0.010192304849624634,6.197333335876465,0.010561913251876831,3.356215715408325,0.0023246631026268005,4.59846830368042,-0.012102551758289337,3.8709490299224854,-0.007414013147354126
114,0.4661438763141632,3.785902261734009,0.867429792881012,0.005971919745206833,0.0005550235509872437,0.9483639597892761,0.22912101447582245,3.397113561630249,-0.0035443417727947235,4.072960376739502,0.004551291465759277,3.127105951309204,-0.0017463713884353638,2.0155391693115234,-0.004061602056026459,5.467276573181152,0.0014270618557929993,1.8366918563842773,-0.010231196880340576,5.786466598510742,0.006264343857765198,1.1187955141067505,-0.004914868623018265,5.947461128234863,0.012424647808074951,4.81854248046875,0.003144308924674988
115,0.7361154556274414,4.834446907043457,2.2040340900421143,0.015081590041518211,0.0024536103010177612,1.1885578632354736,0.4559020400047302,6.160380840301514,-0.0014476515352725983,5.272083282470703,0.013315480202436447,2.632153034210205,-0.00995982438325882,9.578383445739746,0.009419731795787811,0.5293668508529663,-0.017421599477529526,11.591371536254883,0.015931546688079834,5.364750385284424,0.015085749328136444,1.4594452381134033,-0.008796453475952148,4.901779651641846,-0.017103545367717743,1.9830600023269653,0.02626177668571472
116,0.4625571370124817,4.438577175140381,1.0578492879867554,0.008154898881912231,-0.00033076852560043335,0.897740364074707,0.23833070695400238,3.4385969638824463,-0.009416710585355759,3.2742931842803955,-0.005253218114376068,7.496679306030273,0.003326505422592163,3.725400924682617,0.009407207369804382,5.957729816436768,0.002429872751235962,1.0751959085464478,-0.01236095279455185,7.996199131011963,0.010352954268455505,4.229565620422363,0.004806194454431534,2.205817699432373,-0.00881177932024002,4.525986671447754,0.0010430216789245605
117,0.533033013343811,5.473002910614014,1.516548752784729,0.01099996268749237,0.0005200207233428955,1.0253626108169556,0.2770962715148926,7.590083122253418,0.010349519550800323,2.6188032627105713,-0.007982239127159119,3.4414567947387695,-0.01832042634487152,5.147663116455078,0.006753765046596527,7.453887462615967,-0.0025681406259536743,2.512644052505493,-0.013004720211029053,6.103087425231934,0.00034265220165252686,4.450796127319336,0.004810590296983719,6.519466400146484,0.009054042398929596,9.087907791137695,0.015838831663131714
118,0.26951509714126587,0.0,0.0,0.0,0.0,0.6066845059394836,0.11973007768392563,0.0,0.0,0.0,0.0,0.0,0.0,0.0,0.0,0.0,0.0,0.0,0.0,0.0,0.0,0.0,0.0,0.0,0.0,0.0,0.0
119,0.45408231019973755,4.328667640686035,0.9456861019134521,0.00900463666766882,0.00024431198835372925,0.9437921643257141,0.2184704840183258,6.737306594848633,0.006663113832473755,1.0079020261764526,-0.005258586257696152,8.75788402557373,0.026590272784233093,8.491878509521484,0.007442489266395569,1.2218856811523438,-0.0031326115131378174,3.844451427459717,-0.004415065050125122,4.218684673309326,-0.003219321370124817,2.1615359783172607,-0.011972423642873764,5.317108154296875,-0.00547906756401062,2.047550916671753,-0.004112794995307922
120,0.5070400834083557,3.189894914627075,0.8729612231254578,0.00825540255755186,0.00031188130378723145,0.9394333958625793,0.27366456389427185,3.5253076553344727,-0.004539512097835541,4.5695414543151855,0.00036213546991348267,6.379621982574463,0.01718340814113617,2.05096435546875,-0.01689944416284561,0.5881252884864807,-0.007689550518989563,1.75575590133667,-0.0055154189467430115,4.513502597808838,0.0030870214104652405,1.736119270324707,-0.0012737326323986053,5.112958908081055,0.015997298061847687,1.0571070909500122,-0.00017961859703063965
121,0.5999571084976196,3.0154035091400146,0.9937366247177124,0.007479464635252953,0.0009221658110618591,1.0922311544418335,0.3295534551143646,1.9563395977020264,-0.008860904723405838,2.66422963142395,-6.23464584350586e-05,5.812803268432617,0.012572690844535828,0.49047285318374634,-0.010026179254055023,6.816254615783691,0.016660869121551514,0.27253469824790955,-0.0005450695753097534,2.0815889835357666,-0.0007749944925308228,6.7474589347839355,0.009716145694255829,0.36035865545272827,-0.0018101111054420471,2.4164066314697266,-0.008649244904518127
122,0.5391409397125244,5.84547233581543,1.5737484693527222,0.013876504264771938,0.002938389778137207,1.079664707183838,0.26922520995140076,6.510251998901367,-0.003593992441892624,5.558295249938965,0.002650938928127289,0.8748035430908203,-0.010484404861927032,4.985861778259277,-0.014584064483642578,7.859500408172607,0.0013889074325561523,9.776498794555664,0.031502269208431244,4.615995407104492,-0.0061255693435668945,3.5182342529296875,-0.009206578135490417,6.602956295013428,0.010762393474578857,9.060483932495117,0.03135494887828827
123,0.5664522051811218,4.376737117767334,1.3977972269058228,0.007870455272495747,-0.0010712295770645142,1.00469172000885,0.31936970353126526,2.281792640686035,-0.005976885557174683,3.5909230709075928,-0.004179675132036209,10.221673965454102,0.011262178421020508,6.632443904876709,0.0048661008477211,1.0274488925933838,-0.013184748589992523,2.1568057537078857,-0.013082966208457947,5.8311238288879395,0.006016753613948822,3.4228482246398926,0.0008881539106369019,5.580538272857666,-0.0008021742105484009,2.6198277473449707,0.0014735609292984009
124,0.5834769606590271,3.293091297149658,1.0270142555236816,0.008701474405825138,0.0018524155020713806,1.0916281938552856,0.311869353055954,10.764145851135254,0.025450095534324646,2.564746856689453,0.004364915192127228,0.5772523283958435,-0.008348368108272552,0.8062785863876343,-0.004779689013957977,2.3894388675689697,-0.00400182232260704,3.3906543254852295,0.0032229870557785034,1.0267232656478882,-0.004376828670501709,4.846474647521973,0.006735417991876602,3.159412145614624,0.007361851632595062,3.5847220420837402,-0.0072645097970962524
125,0.6751365065574646,2.003620147705078,0.7993488311767578,0.007430762518197298,0.0027775540947914124,1.142515778541565,0.39895227551460266,9.479079246520996,0.016506358981132507,0.0,0.0,0.9444531202316284,0.010274484753608704,3.366518497467041,-0.007177814841270447,0.7451325058937073,-0.002197936177253723,1.9087097644805908,0.0030257850885391235,0.5646623969078064,-0.008971303701400757,1.329136610031128,-0.0012883394956588745,0.8256388306617737,-0.004256978631019592,1.4276058673858643,0.022641777992248535
126,0.627254068851471,3.5262467861175537,1.2527652978897095,0.010644683614373207,0.0023923516273498535,1.1074649095535278,0.3552687466144562,1.9021146297454834,0.0007600113749504089,4.717016696929932,-0.003768444061279297,4.1554059982299805,0.011093378067016602,0.6724139451980591,-0.011417455971240997,5.69514274597168,0.017667725682258606,1.1608840227127075,-0.01322859525680542,6.104772090911865,0.003464929759502411,0.830735445022583,-0.005084667354822159,6.440545558929443,0.030318595468997955,2.996312379837036,-0.007568240165710449
127,0.5682376623153687,5.032418251037598,1.48751699924469,0.01206890493631363,0.0002449825406074524,1.0923826694488525,0.2955869138240814,4.997783660888672,-0.0015135928988456726,1.6361958980560303,-0.007300451397895813,7.823914527893066,0.024972587823867798,10.127288818359375,0.012098819017410278,1.0219407081604004,-0.004658404737710953,9.47008991241455,0.016802087426185608,4.180903911590576,-0.0038276463747024536,2.9479477405548096,-0.010554566979408264,6.903059005737305,-0.004312343895435333,2.415566921234131,-0.015622615814208984
