3.575076907873153687e-02,1.184882596135139465e-01,0.000000000000000000e+00,0.000000000000000000e+00,3.064351622015237808e-03,1.225740611553192139e-01,7.660878896713256836e-01,4.770173728466033936e-01,3.524004220962524414e-01,2.042901003733277321e-03,0.000000000000000000e+00,0.000000000000000000e+00,2.042901003733277321e-03,3.166496381163597107e-02,5.066394209861755371e-01,0.000000000000000000e+00,9.754852056503295898e-01,6.833503842353820801e-01,0.000000000000000000e+00,5.035750865936279297e-01,6.128703244030475616e-03,3.064351528882980347e-02,8.192033171653747559e-01,1.123595517128705978e-02,6.618999242782592773e-01,0.000000000000000000e+00,1.235955134034156799e-01,1.378958225250244141e-01,2.451481297612190247e-02,1.246169582009315491e-01,1.297242194414138794e-01,4.208376109600067139e-01,3.064351622015237808e-03,5.107252392917871475e-03,8.753830790519714355e-01,7.803881764411926270e-01,1.021450478583574295e-02,4.494382068514823914e-02,0.000000000000000000e+00,0.000000000000000000e+00,9.101123809814453125e-01,9.193054400384426117e-03,0.000000000000000000e+00,1.532175764441490173e-02,0.000000000000000000e+00,1.246169582009315491e-01,1.021450501866638660e-03,7.609806060791015625e-01,8.416752219200134277e-01,0.000000000000000000e+00,1.430030763149261475e-01,7.150153629481792450e-03,7.252298295497894287e-02,1.961185038089752197e-01,8.069458603858947754e-02,0.000000000000000000e+00,0.000000000000000000e+00,0.000000000000000000e+00,3.442288339138031006e-01,2.042901003733277321e-03,1.195097118616104126e-01,2.992849946022033691e-01,6.292135119438171387e-01,8.243105411529541016e-01,1.430030763149261475e-01,0.000000000000000000e+00,1.021450501866638660e-03,9.152196645736694336e-01,0.000000000000000000e+00,7.875383496284484863e-01,8.794688582420349121e-01,5.107252392917871475e-03,0.000000000000000000e+00,1.123595517128705978e-02,0.000000000000000000e+00,1.021450501866638660e-03,7.048008590936660767e-02,1.021450501866638660e-03,1.021450478583574295e-02,3.064351622015237808e-03,2.941777408123016357e-01,3.023493587970733643e-01,5.372829437255859375e-01,6.200204491615295410e-01,1.021450501866638660e-03,1.092952042818069458e-01,7.752809524536132812e-01,1.021450501866638660e-03,4.290091991424560547e-02,0.000000000000000000e+00,1.052094027400016785e-01,4.943820536136627197e-01,0.000000000000000000e+00,0.000000000000000000e+00,0.000000000000000000e+00,1.470888704061508179e-01,4.085802007466554642e-03,2.349336072802543640e-02,2.042901003733277321e-03,0.000000000000000000e+00,0.000000000000000000e+00,9.193054400384426117e-03,9.356486797332763672e-01,1.399387121200561523e-01,0.000000000000000000e+00,4.290091991424560547e-02,6.026557683944702148e-01,2.962206490337848663e-02,2.042901003733277321e-03,0.000000000000000000e+00,0.000000000000000000e+00,5.342186093330383301e-01,1.481103301048278809e-01,9.938713312149047852e-01,4.187947139143943787e-02,0.000000000000000000e+00,2.880490422248840332e-01,7.415730357170104980e-01,6.128703244030475616e-03,3.064351528882980347e-02,0.000000000000000000e+00,5.188968777656555176e-01,4.136874675750732422e-01,5.515832826495170593e-02,1.021450501866638660e-03,0.000000000000000000e+00,6.128703244030475616e-03,0.000000000000000000e+00
1.760563347488641739e-03,3.776408433914184570e-01,0.000000000000000000e+00,6.681337952613830566e-01,2.508802711963653564e-01,1.760563347488641739e-03,0.000000000000000000e+00,1.584506966173648834e-02,0.000000000000000000e+00,6.205985546112060547e-01,9.788731932640075684e-01,2.579225301742553711e-01,9.911971688270568848e-01,5.149647593498229980e-01,3.846831023693084717e-01,0.000000000000000000e+00,0.000000000000000000e+00,1.760563347488641739e-03,4.947183132171630859e-01,8.433098196983337402e-01,1.760563347488641739e-03,0.000000000000000000e+00,5.281690042465925217e-03,1.241197139024734497e-01,8.802816737443208694e-04,0.000000000000000000e+00,2.640845021232962608e-03,2.288732305169105530e-02,8.802816271781921387e-03,8.802816737443208694e-04,5.184859037399291992e-01,9.234154820442199707e-01,2.200704254209995270e-02,7.042253017425537109e-02,3.125000000000000000e-01,3.521126508712768555e-02,5.017605423927307129e-02,8.626760542392730713e-02,0.000000000000000000e+00,0.000000000000000000e+00,0.000000000000000000e+00,2.447182983160018921e-01,0.000000000000000000e+00,2.640845021232962608e-03,7.438380122184753418e-01,5.202464461326599121e-01,4.146126806735992432e-01,1.496478822082281113e-02,5.369718372821807861e-02,0.000000000000000000e+00,5.114436745643615723e-01,8.732393980026245117e-01,8.802816737443208694e-04,1.205985918641090393e-01,0.000000000000000000e+00,0.000000000000000000e+00,1.100352108478546143e-01,0.000000000000000000e+00,1.760563347488641739e-03,8.952464461326599121e-01,5.281690042465925217e-03,2.112676054239273071e-01,2.640845021232962608e-03,7.887324094772338867e-01,6.161971949040889740e-03,0.000000000000000000e+00,2.755281627178192139e-01,8.802816737443208694e-04,0.000000000000000000e+00,0.000000000000000000e+00,1.760563254356384277e-02,2.552816830575466156e-02,2.561619579792022705e-01,1.760563347488641739e-03,9.586267471313476562e-01,6.117957830429077148e-01,1.241197139024734497e-01,1.584506966173648834e-02,2.051056325435638428e-01,0.000000000000000000e+00,1.056338008493185043e-02,3.080985881388187408e-02,6.690140962600708008e-01,0.000000000000000000e+00,2.992957644164562225e-02,0.000000000000000000e+00,5.193661898374557495e-02,9.586267471313476562e-01,1.320422533899545670e-02,0.000000000000000000e+00,1.144366152584552765e-02,0.000000000000000000e+00,0.000000000000000000e+00,0.000000000000000000e+00,2.588028013706207275e-01,1.232394389808177948e-02,9.938380122184753418e-01,3.441901206970214844e-01,1.822183132171630859e-01,0.000000000000000000e+00,1.056338008493185043e-02,1.496478822082281113e-02,3.943662047386169434e-01,1.725352108478546143e-01,6.971830725669860840e-01,8.934859037399291992e-01,1.760563347488641739e-03,5.096830725669860840e-01,2.640845021232962608e-03,7.922534942626953125e-01,3.089788556098937988e-01,1.936619728803634644e-02,4.841549322009086609e-02,2.579225301742553711e-01,2.112676054239273071e-01,0.000000000000000000e+00,7.922535389661788940e-02,9.683098644018173218e-03,8.802816737443208694e-04,0.000000000000000000e+00,0.000000000000000000e+00,0.000000000000000000e+00,8.802816737443208694e-04,2.640845021232962608e-03,3.917253315448760986e-01,4.841549322009086609e-02,9.595070481300354004e-01,0.000000000000000000e+00
0.000000000000000000e+00,6.076321005821228027e-01,0.000000000000000000e+00,4.324853122234344482e-01,6.614481210708618164e-01,5.870841741561889648e-01,1.956947147846221924e-03,3.033268079161643982e-02,2.935420721769332886e-03,6.947162747383117676e-02,6.575342416763305664e-01,1.565557718276977539e-02,9.589041024446487427e-02,7.240704298019409180e-01,9.031311273574829102e-01,0.000000000000000000e+00,2.935420721769332886e-03,5.939334630966186523e-01,3.913894295692443848e-03,7.827788591384887695e-03,4.696673154830932617e-02,0.000000000000000000e+00,5.293542146682739258e-01,3.913894295692443848e-03,8.806262165307998657e-03,0.000000000000000000e+00,6.849315017461776733e-03,2.935420721769332886e-03,7.270058393478393555e-01,9.784735739231109619e-04,7.142856717109680176e-02,6.193737983703613281e-01,8.904109895229339600e-02,2.544031292200088501e-02,3.463796377182006836e-01,2.651663422584533691e-01,8.786692619323730469e-01,7.729941606521606445e-02,0.000000000000000000e+00,0.000000000000000000e+00,1.859099790453910828e-02,8.219178020954132080e-02,0.000000000000000000e+00,5.636007785797119141e-01,0.000000000000000000e+00,4.990215227007865906e-02,6.360077857971191406e-02,9.784735739231109619e-03,2.250489220023155212e-02,0.000000000000000000e+00,6.350293755531311035e-01,6.340508460998535156e-01,9.001956880092620850e-02,2.054794505238533020e-02,9.784735739231109619e-04,0.000000000000000000e+00,1.291585117578506470e-01,0.000000000000000000e+00,0.000000000000000000e+00,9.129158258438110352e-01,1.956947147846221924e-03,1.859099864959716797e-01,3.796477317810058594e-01,4.452054798603057861e-01,5.772994086146354675e-02,0.000000000000000000e+00,0.000000000000000000e+00,2.152641862630844116e-01,0.000000000000000000e+00,7.240704447031021118e-02,4.589041173458099365e-01,1.076320931315422058e-01,5.841487050056457520e-01,0.000000000000000000e+00,4.696673154830932617e-02,4.412915706634521484e-01,4.236790537834167480e-01,8.414872735738754272e-02,9.491193294525146484e-02,5.870841443538665771e-03,3.581213355064392090e-01,2.954990267753601074e-01,4.882583022117614746e-01,4.892367869615554810e-03,3.131115436553955078e-02,1.956947147846221924e-03,9.021526575088500977e-01,3.718199580907821655e-02,2.152641862630844116e-01,0.000000000000000000e+00,7.632093876600265503e-02,2.837573364377021790e-02,0.000000000000000000e+00,0.000000000000000000e+00,9.784735739231109619e-04,7.827788591384887695e-02,8.189823627471923828e-01,4.892367869615554810e-03,3.708414733409881592e-01,1.272015646100044250e-02,9.784735739231109619e-04,1.956947147846221924e-03,6.937377452850341797e-01,6.849315017461776733e-03,1.956947147846221924e-03,1.859099790453910828e-02,9.491193294525146484e-02,9.158512353897094727e-01,6.281800270080566406e-01,3.816046938300132751e-02,8.454011678695678711e-01,1.027397215366363525e-01,5.078277587890625000e-01,9.471623897552490234e-01,0.000000000000000000e+00,0.000000000000000000e+00,2.935420721769332886e-02,4.080234766006469727e-01,7.827788591384887695e-03,5.381604656577110291e-02,0.000000000000000000e+00,1.956947147846221924e-03,1.565557718276977539e-02,4.892367869615554810e-03,9.784735739231109619e-04,3.600782752037048340e-01,6.506849527359008789e-01,0.000000000000000000e+00
3.371970355510711670e-02,9.957849979400634766e-01,0.000000000000000000e+00,3.582718595862388611e-02,2.339304387569427490e-01,5.268703680485486984e-03,9.483667090535163879e-03,1.369863003492355347e-02,9.483667090535163879e-03,1.053740736097097397e-03,6.143308281898498535e-01,2.107481472194194794e-03,7.186511754989624023e-01,3.371970355510711670e-02,9.378292560577392578e-01,0.000000000000000000e+00,3.161222208291292191e-03,3.129610121250152588e-01,2.107481472194194794e-03,1.159114763140678406e-02,1.506849229335784912e-01,2.107481472194194794e-03,1.159114763140678406e-02,2.950474061071872711e-02,5.268703773617744446e-02,0.000000000000000000e+00,6.322444416582584381e-03,0.000000000000000000e+00,8.472075462341308594e-01,1.053740736097097397e-03,9.715489745140075684e-01,1.770284473896026611e-01,4.236037731170654297e-01,1.369863003492355347e-02,5.437301993370056152e-01,4.214962944388389587e-03,9.905163198709487915e-02,4.077976644039154053e-01,0.000000000000000000e+00,0.000000000000000000e+00,4.615384340286254883e-01,4.573234915733337402e-01,0.000000000000000000e+00,3.582718595862388611e-02,1.053740736097097397e-02,2.107481472194194794e-02,3.804004192352294922e-01,5.268703680485486984e-03,3.161222208291292191e-03,0.000000000000000000e+00,6.174920797348022461e-01,7.070600390434265137e-01,8.767123222351074219e-01,1.780821830034255981e-01,0.000000000000000000e+00,0.000000000000000000e+00,5.795574188232421875e-02,0.000000000000000000e+00,5.268703680485486984e-03,6.322444677352905273e-01,0.000000000000000000e+00,7.903055846691131592e-02,9.483667090535163879e-03,3.825078904628753662e-01,6.322444416582584381e-03,0.000000000000000000e+00,4.214962944388389587e-02,6.838777661323547363e-01,0.000000000000000000e+00,6.322444416582584381e-03,4.214962944388389587e-03,5.268703680485486984e-03,6.322444416582584381e-03,0.000000000000000000e+00,4.741833359003067017e-02,1.622760742902755737e-01,9.114857316017150879e-01,9.146469831466674805e-01,6.322444416582584381e-03,1.053740736097097397e-03,7.576395869255065918e-01,9.546890854835510254e-01,8.219178020954132080e-02,1.253951489925384521e-01,0.000000000000000000e+00,1.369863003492355347e-02,6.786090135574340820e-01,1.580611057579517365e-02,2.739726006984710693e-02,0.000000000000000000e+00,1.443624794483184814e-01,5.595363378524780273e-01,2.107481472194194794e-03,0.000000000000000000e+00,0.000000000000000000e+00,2.107481472194194794e-03,7.681769728660583496e-01,0.000000000000000000e+00,6.649103760719299316e-01,3.445732295513153076e-01,5.816648602485656738e-01,5.690199881792068481e-02,1.475237030535936356e-02,9.251843690872192383e-01,6.322444416582584381e-03,3.593255877494812012e-01,9.483667090535163879e-03,9.873550534248352051e-01,2.739726006984710693e-02,6.849314570426940918e-01,5.268703699111938477e-01,3.013698458671569824e-01,8.429925888776779175e-03,2.644889354705810547e-01,1.053740736097097397e-03,0.000000000000000000e+00,1.053740736097097397e-03,8.429925888776779175e-03,1.896733418107032776e-02,0.000000000000000000e+00,0.000000000000000000e+00,2.107481472194194794e-03,1.053740736097097397e-03,5.226554274559020996e-01,8.640673756599426270e-02,5.268703680485486984e-03,2.212855592370033264e-02,0.000000000000000000e+00
5.181347485631704330e-03,3.886010646820068359e-01,0.000000000000000000e+00,1.803108900785446167e-01,5.181347485631704330e-03,7.253886200487613678e-03,1.036269473843276501e-03,5.419689416885375977e-01,5.181347485631704330e-03,1.036269497126340866e-02,4.145077988505363464e-02,1.554404199123382568e-02,3.834196925163269043e-02,3.108808305114507675e-03,9.948186576366424561e-02,0.000000000000000000e+00,7.253886200487613678e-03,2.569948434829711914e-01,5.844559669494628906e-01,7.108808755874633789e-01,8.725389242172241211e-01,0.000000000000000000e+00,7.253886200487613678e-03,0.000000000000000000e+00,5.564767122268676758e-01,0.000000000000000000e+00,3.637305796146392822e-01,1.378238350152969360e-01,3.595854938030242920e-01,4.435233473777770996e-01,7.357513159513473511e-02,9.699482321739196777e-01,4.559585824608802795e-02,6.341969370841979980e-01,2.227979302406311035e-01,4.145077895373106003e-03,1.409326493740081787e-01,3.108808305114507675e-03,0.000000000000000000e+00,0.000000000000000000e+00,2.590673603117465973e-02,1.658031158149242401e-02,0.000000000000000000e+00,1.036269441246986389e-01,3.036269545555114746e-01,5.699482187628746033e-02,2.176165953278541565e-02,0.000000000000000000e+00,2.694300562143325806e-02,0.000000000000000000e+00,9.326425381004810333e-03,6.217616610229015350e-03,0.000000000000000000e+00,2.072538947686553001e-03,8.839378356933593750e-01,0.000000000000000000e+00,4.041450917720794678e-01,0.000000000000000000e+00,1.388601064682006836e-01,2.683937847614288330e-01,9.088083505630493164e-01,2.072538947686553001e-03,5.253885984420776367e-01,2.176165953278541565e-02,2.590673603117465973e-02,0.000000000000000000e+00,6.735751777887344360e-02,3.108808305114507675e-03,0.000000000000000000e+00,6.528497934341430664e-01,1.347150281071662903e-02,3.378238379955291748e-01,1.036269473843276501e-03,6.839378178119659424e-02,2.062176316976547241e-01,6.953368186950683594e-01,1.139896456152200699e-02,9.326425194740295410e-02,5.150259137153625488e-01,3.388601243495941162e-01,0.000000000000000000e+00,3.108808305114507675e-03,0.000000000000000000e+00,0.000000000000000000e+00,5.751295685768127441e-01,6.943005323410034180e-02,1.036269473843276501e-03,7.740932703018188477e-01,1.139896437525749207e-01,0.000000000000000000e+00,2.766839563846588135e-01,1.036269473843276501e-03,1.668393909931182861e-01,0.000000000000000000e+00,0.000000000000000000e+00,4.248704761266708374e-02,2.901554480195045471e-02,8.715026378631591797e-01,2.176165878772735596e-01,4.145077895373106003e-03,5.098446011543273926e-01,8.290155790746212006e-03,1.968912035226821899e-02,8.549222946166992188e-01,5.025907158851623535e-01,9.015544503927230835e-02,8.238342404365539551e-01,2.590673603117465973e-02,9.326425381004810333e-03,2.362694442272186279e-01,5.305699706077575684e-01,0.000000000000000000e+00,4.839378297328948975e-01,4.145077895373106003e-03,1.347150281071662903e-02,0.000000000000000000e+00,2.445596009492874146e-01,9.326425194740295410e-01,9.512953758239746094e-01,8.922280073165893555e-01,0.000000000000000000e+00,9.326425381004810333e-03,5.906736105680465698e-02,1.036269473843276501e-03,2.694300562143325806e-02,8.445596098899841309e-01,2.849740982055664062e-01,0.000000000000000000e+00
8.949191570281982422e-01,9.584295749664306641e-01,0.000000000000000000e+00,3.464203327894210815e-03,3.648960590362548828e-01,3.464203327894210815e-03,4.053117632865905762e-01,1.270207855850458145e-02,5.658198595046997070e-01,9.237875230610370636e-03,3.926096856594085693e-02,3.048498928546905518e-01,1.235565841197967529e-01,2.540415711700916290e-02,6.547344326972961426e-01,0.000000000000000000e+00,2.309468807652592659e-03,1.120092347264289856e-01,5.773671902716159821e-03,2.309468761086463928e-02,6.928406655788421631e-03,4.699769020080566406e-01,1.039260998368263245e-02,8.879907727241516113e-01,1.154734380543231964e-02,0.000000000000000000e+00,6.362586617469787598e-01,1.073902994394302368e-01,2.482679039239883423e-01,2.321016192436218262e-01,9.561200737953186035e-01,2.655889093875885010e-02,1.258660554885864258e-01,1.963048428297042847e-02,5.773671902716159821e-03,2.078521996736526489e-02,1.385681331157684326e-02,6.951501369476318359e-01,0.000000000000000000e+00,0.000000000000000000e+00,6.720554232597351074e-01,2.794457376003265381e-01,0.000000000000000000e+00,1.039260998368263245e-02,1.154734403826296329e-03,2.309468835592269897e-01,3.013856709003448486e-01,1.963048428297042847e-02,3.695150092244148254e-02,0.000000000000000000e+00,1.882217079401016235e-01,8.083140477538108826e-03,4.896073937416076660e-01,5.808314085006713867e-01,7.736720144748687744e-02,0.000000000000000000e+00,3.117782808840274811e-02,0.000000000000000000e+00,5.023094415664672852e-01,4.734411090612411499e-02,2.309468807652592659e-03,3.729792237281799316e-01,4.041570425033569336e-02,4.849884659051895142e-02,3.140877485275268555e-01,0.000000000000000000e+00,0.000000000000000000e+00,2.898383438587188721e-01,0.000000000000000000e+00,1.443417966365814209e-01,8.083140477538108826e-03,4.249422550201416016e-01,5.773671902716159821e-03,0.000000000000000000e+00,2.309468807652592659e-03,0.000000000000000000e+00,8.568129539489746094e-01,8.441108465194702148e-01,3.464203327894210815e-03,1.039260998368263245e-02,2.702078521251678467e-01,9.930716156959533691e-01,2.424942329525947571e-02,8.163972496986389160e-01,9.237875230610370636e-03,2.655889093875885010e-02,2.055427283048629761e-01,1.524249464273452759e-01,1.304849833250045776e-01,0.000000000000000000e+00,7.321016192436218262e-01,9.203233122825622559e-01,2.829099297523498535e-01,0.000000000000000000e+00,0.000000000000000000e+00,3.464203327894210815e-03,8.845265507698059082e-01,1.501154713332653046e-02,0.000000000000000000e+00,0.000000000000000000e+00,5.230947136878967285e-01,2.309468807652592659e-03,4.618937615305185318e-03,8.706697225570678711e-01,1.085450351238250732e-01,5.173209905624389648e-01,3.464203327894210815e-03,3.868360221385955811e-01,9.468822181224822998e-02,9.237875230610370636e-03,1.501154750585556030e-01,4.087759852409362793e-01,2.540415711700916290e-02,5.427251756191253662e-02,3.937644362449645996e-01,0.000000000000000000e+00,8.083140477538108826e-03,1.616628095507621765e-02,1.466512680053710938e-01,1.154734380543231964e-02,0.000000000000000000e+00,5.773672088980674744e-02,3.464203327894210815e-03,2.240184694528579712e-01,5.577366948127746582e-01,1.235565841197967529e-01,2.309468807652592659e-03,0.000000000000000000e+00
1.254826188087463379e-01,2.895752899348735809e-02,0.000000000000000000e+00,8.397683501243591309e-02,8.021235466003417969e-01,1.177606135606765747e-01,2.220077253878116608e-02,8.310810923576354980e-01,9.652509470470249653e-04,3.088803030550479889e-02,4.720077216625213623e-01,8.774130940437316895e-01,1.196911185979843140e-01,7.722007576376199722e-03,5.791505798697471619e-03,0.000000000000000000e+00,1.727799177169799805e-01,5.501930415630340576e-02,9.652509470470249653e-04,2.606177516281604767e-02,0.000000000000000000e+00,4.729729518294334412e-02,3.214285671710968018e-01,3.832046389579772949e-01,7.123551964759826660e-01,0.000000000000000000e+00,4.025096595287322998e-01,4.333976805210113525e-01,1.158301159739494324e-02,2.750965058803558350e-01,3.185328096151351929e-02,9.652509354054927826e-03,2.722007632255554199e-01,4.488416910171508789e-01,1.061776001006364822e-02,1.747104227542877197e-01,7.191119790077209473e-01,3.474903479218482971e-02,0.000000000000000000e+00,0.000000000000000000e+00,3.059845566749572754e-01,2.895752899348735809e-03,0.000000000000000000e+00,1.920849382877349854e-01,0.000000000000000000e+00,9.932432174682617188e-01,7.654439806938171387e-01,8.783783763647079468e-02,9.835907220840454102e-01,0.000000000000000000e+00,4.758687317371368408e-01,0.000000000000000000e+00,0.000000000000000000e+00,2.895752899348735809e-03,1.158301159739494324e-02,0.000000000000000000e+00,8.108108043670654297e-01,0.000000000000000000e+00,8.252895474433898926e-01,3.378378450870513916e-01,4.063706398010253906e-01,1.843629330396652222e-01,9.700772166252136230e-01,2.519305050373077393e-01,4.913127422332763672e-01,0.000000000000000000e+00,2.027026936411857605e-02,1.640926674008369446e-02,0.000000000000000000e+00,7.181466817855834961e-01,7.992277741432189941e-01,5.965250730514526367e-01,4.633204638957977295e-02,0.000000000000000000e+00,0.000000000000000000e+00,0.000000000000000000e+00,5.405405163764953613e-02,2.992277964949607849e-02,1.843629330396652222e-01,9.652509470470249653e-04,1.061776001006364822e-02,8.513513207435607910e-01,1.930501894094049931e-03,3.561775982379913330e-01,3.764478564262390137e-01,0.000000000000000000e+00,2.104247063398361206e-01,9.652509470470249653e-04,8.494208008050918579e-02,0.000000000000000000e+00,5.472972989082336426e-01,7.036679387092590332e-01,1.930501894094049931e-03,0.000000000000000000e+00,0.000000000000000000e+00,7.538610100746154785e-01,2.181467115879058838e-01,1.158301159739494324e-02,0.000000000000000000e+00,0.000000000000000000e+00,3.764478862285614014e-02,3.889961242675781250e-01,2.162162065505981445e-01,4.054053872823715210e-02,2.895752899348735809e-03,0.000000000000000000e+00,1.206563711166381836e-01,1.930501894094049931e-03,6.756756454706192017e-03,0.000000000000000000e+00,1.833976805210113525e-02,1.930501894094049931e-03,2.895752899348735809e-03,3.667953610420227051e-02,9.536679387092590332e-01,0.000000000000000000e+00,4.015443921089172363e-01,6.505791544914245605e-01,3.861003788188099861e-03,2.895752899348735809e-03,0.000000000000000000e+00,0.000000000000000000e+00,9.652509470470249653e-04,3.861003788188099861e-03,6.177606061100959778e-02,2.519305050373077393e-01,2.895752899348735809e-02,0.000000000000000000e+00
9.523809421807527542e-04,9.942857027053833008e-01,0.000000000000000000e+00,2.857142873108386993e-02,6.666666828095912933e-03,3.771428465843200684e-01,1.304761916399002075e-01,2.857142826542258263e-03,2.180952429771423340e-01,0.000000000000000000e+00,2.228571474552154541e-01,0.000000000000000000e+00,2.857142873108386993e-02,3.619047701358795166e-01,9.952380657196044922e-01,0.000000000000000000e+00,5.238095298409461975e-02,5.714285653084516525e-03,4.038095176219940186e-01,8.285714387893676758e-01,6.380952149629592896e-02,2.857142873108386993e-02,0.000000000000000000e+00,0.000000000000000000e+00,1.238095201551914215e-02,0.000000000000000000e+00,9.523809421807527542e-04,0.000000000000000000e+00,9.257142543792724609e-01,2.285714261233806610e-02,9.838095307350158691e-01,9.952380657196044922e-01,6.057142615318298340e-01,2.666666731238365173e-02,6.104761958122253418e-01,4.780952334403991699e-01,2.380952425301074982e-02,9.523809421807527542e-04,0.000000000000000000e+00,0.000000000000000000e+00,9.523809421807527542e-04,9.523808956146240234e-03,0.000000000000000000e+00,5.609523653984069824e-01,9.714285284280776978e-02,3.809523768723011017e-03,9.523809421807527542e-04,0.000000000000000000e+00,0.000000000000000000e+00,0.000000000000000000e+00,4.761904478073120117e-03,6.914285421371459961e-01,9.523809421807527542e-04,1.047619059681892395e-02,3.085714280605316162e-01,0.000000000000000000e+00,0.000000000000000000e+00,0.000000000000000000e+00,2.095238119363784790e-02,8.190476149320602417e-02,3.809523768723011017e-03,7.828571200370788574e-01,7.619047537446022034e-03,9.523809552192687988e-01,1.476190388202667236e-01,0.000000000000000000e+00,9.523809701204299927e-02,4.790476262569427490e-01,0.000000000000000000e+00,2.666666731238365173e-02,0.000000000000000000e+00,0.000000000000000000e+00,1.619047671556472778e-02,9.523809421807527542e-04,5.990476012229919434e-01,8.390476107597351074e-01,5.714285653084516525e-03,1.047619059681892395e-02,4.761904478073120117e-03,4.761904478073120117e-03,3.333333432674407959e-01,8.571428246796131134e-03,6.076190471649169922e-01,0.000000000000000000e+00,1.904761884361505508e-03,2.761904709041118622e-02,1.714285649359226227e-02,5.857142806053161621e-01,7.742857336997985840e-01,0.000000000000000000e+00,9.523809421807527542e-04,0.000000000000000000e+00,9.523809421807527542e-04,0.000000000000000000e+00,0.000000000000000000e+00,0.000000000000000000e+00,7.980952262878417969e-01,2.085714191198348999e-01,2.666666731238365173e-02,1.904761884361505508e-03,0.000000000000000000e+00,1.999999955296516418e-02,2.657142877578735352e-01,6.876190304756164551e-01,4.380952417850494385e-01,7.609523534774780273e-01,6.838095188140869141e-01,9.438095092773437500e-01,8.285713940858840942e-02,5.961904525756835938e-01,1.685714274644851685e-01,8.952380716800689697e-02,4.009523689746856689e-01,3.638095259666442871e-01,0.000000000000000000e+00,0.000000000000000000e+00,0.000000000000000000e+00,2.057142853736877441e-01,6.371428370475769043e-01,1.666666716337203979e-01,0.000000000000000000e+00,4.000000059604644775e-01,8.571428246796131134e-03,0.000000000000000000e+00,9.523809421807527542e-04,4.761904478073120117e-03,4.752380847930908203e-01,0.000000000000000000e+00
6.570862531661987305e-01,9.048563241958618164e-01,0.000000000000000000e+00,1.982160611078143120e-03,7.908821105957031250e-01,9.910803288221359253e-03,1.982160611078143120e-03,1.892963349819183350e-01,1.090188324451446533e-02,6.937562022358179092e-03,5.094152688980102539e-01,3.666996955871582031e-02,2.150644212961196899e-01,2.378592640161514282e-02,7.799801826477050781e-01,0.000000000000000000e+00,1.486620493233203888e-02,7.135777920484542847e-02,4.955401644110679626e-03,1.228939592838287354e-01,1.982160611078143120e-03,1.982160657644271851e-02,3.964321222156286240e-03,4.598612487316131592e-01,4.955401644110679626e-03,0.000000000000000000e+00,5.252725481986999512e-01,8.523290604352951050e-02,7.760158777236938477e-01,3.627353906631469727e-01,7.363726496696472168e-01,3.696729540824890137e-01,1.982160611078143120e-03,0.000000000000000000e+00,2.636273503303527832e-01,6.243805959820747375e-02,3.776015937328338623e-01,1.090188324451446533e-02,0.000000000000000000e+00,0.000000000000000000e+00,7.076313495635986328e-01,4.757185578346252441e-01,0.000000000000000000e+00,1.615460962057113647e-01,5.847373977303504944e-02,7.532210648059844971e-02,6.937562022358179092e-03,1.575817614793777466e-01,3.270564973354339600e-02,0.000000000000000000e+00,9.058473706245422363e-01,1.129831522703170776e-01,1.585728488862514496e-02,3.795837461948394775e-01,2.180376648902893066e-02,0.000000000000000000e+00,1.536174416542053223e-01,0.000000000000000000e+00,1.288404408842325211e-02,1.665014922618865967e-01,6.937562022358179092e-03,1.684836484491825104e-02,2.477700822055339813e-02,2.675916813313961029e-02,3.171456977725028992e-02,0.000000000000000000e+00,1.268582791090011597e-01,1.347869187593460083e-01,0.000000000000000000e+00,2.973240800201892853e-03,2.576808817684650421e-02,4.459861516952514648e-01,3.706640303134918213e-01,0.000000000000000000e+00,5.104063749313354492e-01,1.883052662014961243e-02,9.435084462165832520e-01,6.610505580902099609e-01,0.000000000000000000e+00,0.000000000000000000e+00,1.496531218290328979e-01,8.602576851844787598e-01,2.180376648902893066e-02,2.368681877851486206e-01,1.982160611078143120e-03,0.000000000000000000e+00,8.612487912178039551e-01,5.332012176513671875e-01,2.973240800201892853e-03,0.000000000000000000e+00,8.493558168411254883e-01,6.481665372848510742e-01,2.973240800201892853e-03,0.000000000000000000e+00,9.910803055390715599e-04,1.080277562141418457e-01,4.410307407379150391e-01,1.486620493233203888e-02,4.658077284693717957e-02,8.325074613094329834e-02,2.636273503303527832e-01,1.982160611078143120e-03,4.311199188232421875e-01,3.885034918785095215e-01,2.844400405883789062e-01,2.814668118953704834e-01,9.910803288221359253e-03,1.585728526115417480e-01,7.928642444312572479e-03,8.007928729057312012e-01,4.023786187171936035e-01,5.946481600403785706e-03,3.577799797058105469e-01,2.983151674270629883e-01,2.378592640161514282e-02,0.000000000000000000e+00,2.418235987424850464e-01,6.214073300361633301e-01,9.613478928804397583e-02,9.910803055390715599e-04,0.000000000000000000e+00,9.910803055390715599e-04,4.717542231082916260e-01,1.982160611078143120e-03,3.171456977725028992e-02,1.546085327863693237e-01,5.906838774681091309e-01,0.000000000000000000e+00
8.805668354034423828e-02,8.886640071868896484e-01,0.000000000000000000e+00,2.024291548877954483e-03,2.024291548877954483e-03,2.024291548877954483e-03,7.085020653903484344e-03,1.710526347160339355e-01,3.279352188110351562e-01,0.000000000000000000e+00,7.085020653903484344e-03,1.012145774438977242e-03,3.846153989434242249e-02,1.012145774438977242e-03,9.504048824310302734e-01,0.000000000000000000e+00,6.174089387059211731e-02,1.649797558784484863e-01,7.651821970939636230e-01,9.767206907272338867e-01,3.623481988906860352e-01,3.036437323316931725e-03,2.024291548877954483e-03,5.060728639364242554e-03,8.906883001327514648e-02,0.000000000000000000e+00,1.619433164596557617e-01,1.012145774438977242e-03,4.210526347160339355e-01,6.791498064994812012e-01,9.180161952972412109e-01,9.929150342941284180e-01,2.095141708850860596e-01,1.720647886395454407e-02,6.275303959846496582e-01,4.048582911491394043e-02,7.085020653903484344e-03,5.060728639364242554e-03,0.000000000000000000e+00,0.000000000000000000e+00,4.473684430122375488e-01,4.119433164596557617e-01,0.000000000000000000e+00,3.866396844387054443e-01,6.315789818763732910e-01,3.036437323316931725e-03,1.012145774438977242e-03,0.000000000000000000e+00,4.048583097755908966e-03,0.000000000000000000e+00,5.060728639364242554e-03,3.319838047027587891e-01,8.097166195511817932e-03,4.655870422720909119e-02,2.540485858917236328e-01,0.000000000000000000e+00,2.530364505946636200e-02,0.000000000000000000e+00,3.137651830911636353e-02,4.048583097755908966e-03,7.257085442543029785e-01,8.097166195511817932e-03,3.370445370674133301e-01,5.465587228536605835e-02,1.417004130780696869e-02,0.000000000000000000e+00,8.046559095382690430e-01,5.799595117568969727e-01,0.000000000000000000e+00,3.076923191547393799e-01,2.024291548877954483e-03,7.287449389696121216e-02,1.012145774438977242e-03,2.024291548877954483e-03,8.663967847824096680e-01,7.489878684282302856e-02,1.386639773845672607e-01,1.042510122060775757e-01,0.000000000000000000e+00,1.012145774438977242e-03,2.125506103038787842e-01,4.251012206077575684e-02,3.036437369883060455e-02,5.263157933950424194e-02,2.165991961956024170e-01,5.030364394187927246e-01,9.109311737120151520e-03,6.538461446762084961e-01,4.554656147956848145e-02,0.000000000000000000e+00,5.860323905944824219e-01,2.935222722589969635e-02,2.024291455745697021e-02,0.000000000000000000e+00,1.012145774438977242e-03,0.000000000000000000e+00,8.502024412155151367e-02,5.971660092473030090e-02,1.811740994453430176e-01,1.012145774438977242e-03,5.425101518630981445e-01,7.085020653903484344e-03,1.012145727872848511e-02,9.959514141082763672e-01,1.801619529724121094e-01,9.423077106475830078e-01,4.271255135536193848e-01,8.329959511756896973e-01,3.036437323316931725e-03,6.123481988906860352e-01,9.311740845441818237e-02,3.036437323316931725e-03,1.700404882431030273e-01,3.036437369883060455e-02,1.417004130780696869e-02,0.000000000000000000e+00,1.113360375165939331e-02,5.475708842277526855e-01,9.483805894851684570e-01,7.520242929458618164e-01,0.000000000000000000e+00,2.125506103038787842e-02,1.872469633817672729e-01,4.048583097755908966e-03,1.487854272127151489e-01,1.518218684941530228e-02,8.502024412155151367e-02,0.000000000000000000e+00
